Customer_ID,Account_Balance,Transaction_Amount,Reported_Amount,Currency,Country,Transaction_Date,Risk_Score,Reason
1908,75338,13206,13206,SGD,DE,2024-12-26,1,Detect Suspicious Transaction Amount; Identify Accounts with Unusual Activity
1905,92242,8592,8592,INR,CA,2024-11-26,5,Identify Accounts with Unusual Activity
1636,-8780,13159,13159,EUR,SG,2024-10-22,4,Detect Suspicious Transaction Amount; Identify Accounts with Unusual Activity
1474,4690,15355,15355,INR,JP,2024-09-12,6,Detect Suspicious Transaction Amount; Identify Accounts with Unusual Activity
1464,41095,6228,6228,AUD,CA,2025-04-14,7,Identify Accounts with Unusual Activity
1095,49960,12992,12992,INR,CA,2025-01-25,6,Detect Suspicious Transaction Amount; Identify Accounts with Unusual Activity
1323,2837,12514,12514,INR,UK,2024-09-18,8,Detect Suspicious Transaction Amount; Identify Accounts with Unusual Activity
1982,33654,6833,6876,USD,UK,2024-09-11,9,Identify Accounts with Unusual Activity
1321,38790,7872,7872,USD,SG,2024-04-06,2,Identify Accounts with Unusual Activity
1969,62621,6053,6053,CAD,IN,2024-07-21,10,Identify Accounts with Unusual Activity
1719,29454,4800,4800,AUD,AU,2024-06-29,8,Identify Accounts with Unusual Activity
1789,26557,16883,16883,GBP,DE,2025-03-25,2,Detect Suspicious Transaction Amount; Identify Accounts with Unusual Activity
1211,74033,7123,7123,INR,SG,2024-05-21,3,Identify Accounts with Unusual Activity
1164,75961,11987,11987,USD,DE,2025-03-10,5,Detect Suspicious Transaction Amount; Identify Accounts with Unusual Activity
1679,41732,11626,11626,INR,US,2025-01-15,1,Detect Suspicious Transaction Amount; Identify Accounts with Unusual Activity
1693,-8219,6481,6481,USD,CA,2024-09-09,4,Identify Accounts with Unusual Activity
1861,63457,17662,17662,CAD,US,2024-09-29,9,Detect Suspicious Transaction Amount; Identify Accounts with Unusual Activity
1242,42,10928,10928,SGD,JP,2025-02-23,1,Detect Suspicious Transaction Amount; Identify Accounts with Unusual Activity
1279,25353,12911,12911,INR,SG,2024-12-02,5,Detect Suspicious Transaction Amount; Identify Accounts with Unusual Activity
1308,56907,18919,18919,JPY,UK,2024-09-19,10,Detect Suspicious Transaction Amount; Identify Accounts with Unusual Activity
1904,-559,13924,13924,INR,IN,2024-10-25,6,Detect Suspicious Transaction Amount; Identify Accounts with Unusual Activity
1432,24680,8922,8922,JPY,US,2024-02-16,10,Identify Accounts with Unusual Activity
1502,68284,7250,7250,JPY,CA,2025-01-19,7,Identify Accounts with Unusual Activity
1047,92397,17223,17231,JPY,CA,2025-03-06,3,Detect Suspicious Transaction Amount; Identify Accounts with Unusual Activity
1148,37255,13034,13034,CAD,UK,2024-09-01,3,Detect Suspicious Transaction Amount; Identify Accounts with Unusual Activity
1995,98948,12585,12585,JPY,JP,2024-03-24,2,Detect Suspicious Transaction Amount; Identify Accounts with Unusual Activity
1649,62148,3736,3736,AUD,SG,2024-04-16,3,Identify Accounts with Unusual Activity
1047,35938,19720,19720,USD,SG,2024-05-02,10,Detect Suspicious Transaction Amount; Identify Accounts with Unusual Activity
1672,41218,9672,9672,JPY,AU,2024-05-19,5,Identify Accounts with Unusual Activity
1211,10406,3708,3708,SGD,UK,2025-03-02,9,Identify Accounts with Unusual Activity
1752,64493,3329,3329,GBP,IN,2024-08-04,5,Identify Accounts with Unusual Activity
1521,88896,14786,14786,JPY,DE,2024-03-10,8,Detect Suspicious Transaction Amount; Identify Accounts with Unusual Activity
1556,46226,14190,14056,GBP,SG,2024-09-28,5,Detect Suspicious Transaction Amount; Identify Accounts with Unusual Activity
1144,61792,4793,4793,CAD,DE,2024-10-08,1,Identify Accounts with Unusual Activity
1922,-7409,14921,14921,JPY,DE,2024-09-24,7,Detect Suspicious Transaction Amount; Identify Accounts with Unusual Activity
1768,20762,5296,5296,SGD,SG,2024-05-04,6,Identify Accounts with Unusual Activity
1612,9683,15033,15033,JPY,CA,2024-03-25,4,Detect Suspicious Transaction Amount; Identify Accounts with Unusual Activity
1895,99740,18553,18553,JPY,CA,2024-02-28,10,Detect Suspicious Transaction Amount; Identify Accounts with Unusual Activity
1008,1462,3746,3746,USD,JP,2024-08-02,1,Identify Accounts with Unusual Activity
1025,19324,12602,12602,USD,CA,2024-11-07,6,Detect Suspicious Transaction Amount; Identify Accounts with Unusual Activity
1488,62788,16159,16159,EUR,SG,2024-05-31,1,Detect Suspicious Transaction Amount; Identify Accounts with Unusual Activity
1315,75017,16570,16570,JPY,JP,2024-02-28,10,Detect Suspicious Transaction Amount; Identify Accounts with Unusual Activity
1694,77796,14483,14483,AUD,SG,2024-09-02,4,Detect Suspicious Transaction Amount; Identify Accounts with Unusual Activity
1164,12237,9248,9248,SGD,IN,2024-12-22,2,Identify Accounts with Unusual Activity
1473,53528,15512,15512,CAD,US,2024-08-10,7,Detect Suspicious Transaction Amount; Identify Accounts with Unusual Activity
1339,92707,5764,5764,CAD,US,2024-09-02,3,Identify Accounts with Unusual Activity
1385,66751,18435,18435,AUD,CA,2024-08-01,9,Detect Suspicious Transaction Amount; Identify Accounts with Unusual Activity
1294,11328,17141,17303,INR,DE,2024-06-24,8,Detect Suspicious Transaction Amount; Identify Accounts with Unusual Activity
1320,60271,4922,4922,CAD,AU,2024-12-07,5,Identify Accounts with Unusual Activity
1789,63070,12261,12261,SGD,CA,2025-02-03,3,Detect Suspicious Transaction Amount; Identify Accounts with Unusual Activity
1706,20863,16590,16590,AUD,DE,2024-04-23,2,Detect Suspicious Transaction Amount; Identify Accounts with Unusual Activity
1369,71782,2064,2064,USD,US,2024-05-25,3,Identify Accounts with Unusual Activity
1672,37263,17521,17521,JPY,UK,2024-09-08,8,Detect Suspicious Transaction Amount; Identify Accounts with Unusual Activity
1469,38042,5683,5683,USD,SG,2025-02-19,5,Identify Accounts with Unusual Activity
1196,61767,16318,16318,INR,CA,2024-08-24,8,Detect Suspicious Transaction Amount; Identify Accounts with Unusual Activity
1030,76170,9835,9775,EUR,UK,2024-07-28,3,Identify Accounts with Unusual Activity
1545,52976,15415,15415,SGD,SG,2024-09-14,9,Detect Suspicious Transaction Amount; Identify Accounts with Unusual Activity
1777,12748,2949,2949,EUR,AU,2024-08-21,6,Identify Accounts with Unusual Activity
1567,80544,15217,15217,USD,SG,2024-10-24,8,Detect Suspicious Transaction Amount; Identify Accounts with Unusual Activity
1401,-425,7352,7352,JPY,IN,2024-08-03,10,Identify Accounts with Unusual Activity
1682,50454,14495,14495,SGD,CA,2024-06-23,1,Detect Suspicious Transaction Amount; Identify Accounts with Unusual Activity
1627,56096,1155,1155,CAD,AU,2024-12-06,7,Identify Accounts with Unusual Activity
1628,26234,4662,4662,CAD,SG,2024-09-30,2,Identify Accounts with Unusual Activity
1075,86134,8587,8587,GBP,AU,2024-07-03,3,Identify Accounts with Unusual Activity
1426,30133,19349,19349,AUD,SG,2024-09-10,3,Detect Suspicious Transaction Amount; Identify Accounts with Unusual Activity
1036,57199,18070,18070,JPY,UK,2024-11-08,10,Detect Suspicious Transaction Amount; Identify Accounts with Unusual Activity
1187,66155,11528,11528,INR,DE,2025-04-05,3,Detect Suspicious Transaction Amount; Identify Accounts with Unusual Activity
1970,26528,8062,8062,GBP,UK,2024-03-20,2,Identify Accounts with Unusual Activity
1215,9002,13878,13878,CAD,DE,2024-11-10,8,Detect Suspicious Transaction Amount; Identify Accounts with Unusual Activity
1056,-6339,1867,1867,AUD,UK,2025-03-10,3,Identify Accounts with Unusual Activity
1891,65013,5941,5941,JPY,SG,2025-03-16,5,Identify Accounts with Unusual Activity
1148,29573,15944,15944,USD,US,2024-06-04,6,Detect Suspicious Transaction Amount; Identify Accounts with Unusual Activity
1391,70309,3088,3088,USD,JP,2024-04-11,10,Identify Accounts with Unusual Activity
1251,28947,15575,15616,GBP,IN,2024-08-08,8,Detect Suspicious Transaction Amount; Identify Accounts with Unusual Activity
1831,58427,6486,6486,INR,US,2024-12-24,9,Identify Accounts with Unusual Activity
1622,92715,9810,9810,SGD,US,2024-06-15,7,Identify Accounts with Unusual Activity
1487,50780,14596,14596,GBP,US,2024-06-26,6,Detect Suspicious Transaction Amount; Identify Accounts with Unusual Activity
1349,80168,1652,1652,EUR,SG,2024-11-15,9,Identify Accounts with Unusual Activity
1227,42977,8121,8121,EUR,DE,2024-12-23,4,Identify Accounts with Unusual Activity
1263,35260,19191,19191,AUD,UK,2024-08-09,5,Detect Suspicious Transaction Amount; Identify Accounts with Unusual Activity
1121,40384,5992,5992,JPY,AU,2024-05-21,10,Identify Accounts with Unusual Activity
1851,88548,13197,13197,AUD,US,2024-03-01,9,Detect Suspicious Transaction Amount; Identify Accounts with Unusual Activity
1892,60402,13376,13376,GBP,JP,2024-07-21,2,Detect Suspicious Transaction Amount; Identify Accounts with Unusual Activity
1236,73375,15681,15681,EUR,AU,2024-03-11,1,Detect Suspicious Transaction Amount; Identify Accounts with Unusual Activity
1786,18988,16857,16857,JPY,AU,2024-12-22,8,Detect Suspicious Transaction Amount; Identify Accounts with Unusual Activity
1301,8439,14366,14366,AUD,IN,2024-03-21,4,Detect Suspicious Transaction Amount; Identify Accounts with Unusual Activity
1015,21348,14500,14500,SGD,UK,2024-06-08,8,Detect Suspicious Transaction Amount; Identify Accounts with Unusual Activity
1203,92986,10512,10512,USD,SG,2024-05-15,10,Detect Suspicious Transaction Amount; Identify Accounts with Unusual Activity
1612,92326,15916,15916,EUR,US,2025-01-02,7,Detect Suspicious Transaction Amount; Identify Accounts with Unusual Activity
1365,17647,10825,10858,USD,AU,2024-08-14,2,Detect Suspicious Transaction Amount; Identify Accounts with Unusual Activity
1013,5574,8069,8069,AUD,AU,2024-09-04,2,Identify Accounts with Unusual Activity
1773,65156,6776,6776,AUD,DE,2025-03-13,3,Identify Accounts with Unusual Activity
1370,66745,18892,19025,SGD,JP,2024-04-22,2,Detect Suspicious Transaction Amount; Identify Accounts with Unusual Activity
1898,61857,10453,10453,INR,IN,2024-12-14,9,Detect Suspicious Transaction Amount; Identify Accounts with Unusual Activity
1400,85858,13398,13398,USD,SG,2024-05-26,8,Detect Suspicious Transaction Amount; Identify Accounts with Unusual Activity
1646,97031,4596,4596,CAD,JP,2024-09-17,3,Identify Accounts with Unusual Activity
1921,42285,12714,12714,JPY,US,2025-02-07,7,Detect Suspicious Transaction Amount; Identify Accounts with Unusual Activity
1144,50611,9506,9506,CAD,US,2025-04-17,2,Identify Accounts with Unusual Activity
1746,34277,3846,3846,GBP,SG,2024-11-01,10,Identify Accounts with Unusual Activity
1754,91146,9758,9758,GBP,CA,2025-02-21,8,Identify Accounts with Unusual Activity
1156,35629,12631,12631,GBP,SG,2024-06-05,9,Detect Suspicious Transaction Amount; Identify Accounts with Unusual Activity
1564,24970,14098,14098,JPY,DE,2024-03-22,10,Detect Suspicious Transaction Amount; Identify Accounts with Unusual Activity
1672,96879,15446,15446,SGD,DE,2025-04-15,8,Detect Suspicious Transaction Amount; Identify Accounts with Unusual Activity
1169,63312,10734,10734,USD,AU,2024-09-18,5,Detect Suspicious Transaction Amount; Identify Accounts with Unusual Activity
1422,87112,17359,17359,INR,US,2024-03-21,2,Detect Suspicious Transaction Amount; Identify Accounts with Unusual Activity
1318,71823,14695,14647,INR,US,2024-03-31,3,Detect Suspicious Transaction Amount; Identify Accounts with Unusual Activity
1453,72741,6164,6164,EUR,US,2025-01-07,6,Identify Accounts with Unusual Activity
1423,36726,3915,3915,SGD,DE,2024-07-14,10,Identify Accounts with Unusual Activity
1883,50030,2192,2192,USD,SG,2024-03-10,5,Identify Accounts with Unusual Activity
1569,48349,6171,6171,INR,US,2025-02-14,1,Identify Accounts with Unusual Activity
1658,50458,3912,3912,JPY,US,2024-06-14,6,Identify Accounts with Unusual Activity
1419,71507,11448,11448,CAD,IN,2025-02-24,8,Detect Suspicious Transaction Amount; Identify Accounts with Unusual Activity
1228,43837,9633,9633,INR,DE,2024-07-11,3,Identify Accounts with Unusual Activity
1961,32931,17510,17510,CAD,US,2024-07-08,9,Detect Suspicious Transaction Amount; Identify Accounts with Unusual Activity
1360,39689,3952,3952,EUR,CA,2025-01-31,5,Identify Accounts with Unusual Activity
1647,4287,6276,6235,INR,DE,2024-08-16,1,Identify Accounts with Unusual Activity
1337,-2429,9216,9200,GBP,AU,2024-05-06,7,Identify Accounts with Unusual Activity
1149,52274,6262,6262,SGD,DE,2024-08-02,4,Identify Accounts with Unusual Activity
1301,2350,10500,10500,SGD,JP,2024-06-15,9,Detect Suspicious Transaction Amount; Identify Accounts with Unusual Activity
1272,91781,4935,4935,EUR,JP,2024-09-23,5,Identify Accounts with Unusual Activity
1521,80191,9155,9069,EUR,CA,2025-03-03,4,Identify Accounts with Unusual Activity
1052,2692,7595,7595,GBP,DE,2024-05-10,7,Identify Accounts with Unusual Activity
1506,4289,5175,5175,GBP,SG,2025-01-20,1,Identify Accounts with Unusual Activity
1475,17597,18788,18788,SGD,CA,2024-07-24,1,Detect Suspicious Transaction Amount; Identify Accounts with Unusual Activity
1002,99682,17403,17403,GBP,SG,2024-11-23,2,Detect Suspicious Transaction Amount; Identify Accounts with Unusual Activity
1765,46216,4120,4120,GBP,UK,2024-03-18,3,Identify Accounts with Unusual Activity
1329,89168,13695,13695,AUD,CA,2024-04-30,10,Detect Suspicious Transaction Amount; Identify Accounts with Unusual Activity
1957,8885,19526,19526,JPY,AU,2024-11-24,2,Detect Suspicious Transaction Amount; Identify Accounts with Unusual Activity
1062,65418,15709,15709,CAD,DE,2025-03-01,5,Detect Suspicious Transaction Amount; Identify Accounts with Unusual Activity
1803,89542,5164,5164,CAD,UK,2025-02-02,6,Identify Accounts with Unusual Activity
1810,12781,19197,19197,INR,AU,2024-08-28,4,Detect Suspicious Transaction Amount; Identify Accounts with Unusual Activity
1814,5143,9384,9432,EUR,UK,2025-01-17,4,Identify Accounts with Unusual Activity
1354,28430,14580,14580,USD,IN,2024-08-14,10,Detect Suspicious Transaction Amount; Identify Accounts with Unusual Activity
1686,40407,3490,3490,AUD,AU,2025-01-06,6,Identify Accounts with Unusual Activity
1666,51389,8827,8780,AUD,DE,2025-02-06,7,Identify Accounts with Unusual Activity
1301,20357,16145,16145,AUD,SG,2025-02-23,6,Detect Suspicious Transaction Amount; Identify Accounts with Unusual Activity
1001,27064,15270,15270,JPY,SG,2024-10-14,5,Detect Suspicious Transaction Amount; Identify Accounts with Unusual Activity
1642,32678,7529,7529,SGD,US,2025-03-07,5,Identify Accounts with Unusual Activity
1489,99370,4958,4958,AUD,IN,2024-02-18,10,Identify Accounts with Unusual Activity
1810,-7005,8189,8256,AUD,AU,2024-08-07,7,Identify Accounts with Unusual Activity
1766,46553,3422,3441,EUR,IN,2024-03-16,1,Identify Accounts with Unusual Activity
1401,95174,1224,1224,GBP,JP,2025-03-15,2,Identify Accounts with Unusual Activity
1152,76725,9522,9522,EUR,DE,2025-01-02,10,Identify Accounts with Unusual Activity
1930,76959,11564,11564,JPY,UK,2025-02-03,8,Detect Suspicious Transaction Amount; Identify Accounts with Unusual Activity
1221,78862,10848,10848,AUD,SG,2024-02-29,4,Detect Suspicious Transaction Amount; Identify Accounts with Unusual Activity
1941,72205,16491,16411,INR,AU,2024-03-13,9,Detect Suspicious Transaction Amount; Identify Accounts with Unusual Activity
1333,54944,8145,8145,AUD,JP,2024-12-31,2,Identify Accounts with Unusual Activity
1606,58968,12199,12199,AUD,JP,2024-03-27,8,Detect Suspicious Transaction Amount; Identify Accounts with Unusual Activity
1794,25234,2730,2730,EUR,US,2024-03-16,5,Identify Accounts with Unusual Activity
1333,29437,8667,8714,INR,DE,2025-01-29,9,Identify Accounts with Unusual Activity
1112,-5252,9754,9754,INR,JP,2024-04-17,9,Identify Accounts with Unusual Activity
1848,32345,18215,18215,EUR,JP,2024-05-31,1,Detect Suspicious Transaction Amount; Identify Accounts with Unusual Activity
1984,58348,2507,2507,JPY,SG,2025-03-01,6,Identify Accounts with Unusual Activity
1422,58285,12465,12465,INR,US,2024-06-29,10,Detect Suspicious Transaction Amount; Identify Accounts with Unusual Activity
1552,83203,1724,1724,INR,JP,2024-10-14,9,Identify Accounts with Unusual Activity
1756,-9786,3464,3464,USD,DE,2024-02-25,9,Identify Accounts with Unusual Activity
1694,99414,5478,5478,GBP,SG,2024-08-20,1,Identify Accounts with Unusual Activity
1914,9231,16298,16298,JPY,JP,2024-04-05,9,Detect Suspicious Transaction Amount; Identify Accounts with Unusual Activity
1293,84562,14632,14632,SGD,DE,2025-02-19,6,Detect Suspicious Transaction Amount; Identify Accounts with Unusual Activity
1810,74534,17315,17315,USD,AU,2025-03-25,10,Detect Suspicious Transaction Amount; Identify Accounts with Unusual Activity
1911,12563,5602,5602,JPY,JP,2024-08-03,7,Identify Accounts with Unusual Activity
1331,76652,14347,14347,AUD,IN,2024-12-11,9,Detect Suspicious Transaction Amount; Identify Accounts with Unusual Activity
1264,13747,16122,16122,GBP,IN,2024-06-02,6,Detect Suspicious Transaction Amount; Identify Accounts with Unusual Activity
1884,70429,1021,1021,CAD,IN,2024-02-19,6,Identify Accounts with Unusual Activity
1514,81866,7517,7517,INR,UK,2024-08-03,2,Identify Accounts with Unusual Activity
1909,60984,4591,4591,USD,IN,2025-01-07,4,Identify Accounts with Unusual Activity
1479,45245,5702,5702,GBP,IN,2025-02-07,4,Identify Accounts with Unusual Activity
1573,40806,5400,5400,JPY,SG,2025-02-22,2,Identify Accounts with Unusual Activity
1384,59520,10982,10982,INR,UK,2024-12-23,7,Detect Suspicious Transaction Amount; Identify Accounts with Unusual Activity
1535,35095,6496,6496,USD,DE,2025-03-12,4,Identify Accounts with Unusual Activity
1688,25320,8839,8839,EUR,JP,2025-04-21,9,Identify Accounts with Unusual Activity
1557,98971,14914,14914,EUR,US,2024-12-28,1,Detect Suspicious Transaction Amount; Identify Accounts with Unusual Activity
1317,81340,2245,2245,CAD,IN,2024-06-26,1,Identify Accounts with Unusual Activity
1184,-5204,7470,7470,INR,JP,2025-01-08,9,Identify Accounts with Unusual Activity
1989,8737,15639,15639,GBP,UK,2024-02-20,4,Detect Suspicious Transaction Amount; Identify Accounts with Unusual Activity
1683,-2540,8913,8913,GBP,JP,2025-04-17,8,Identify Accounts with Unusual Activity
1782,61079,4324,4324,USD,IN,2024-04-21,10,Identify Accounts with Unusual Activity
1604,26645,19275,19275,AUD,IN,2025-04-18,3,Detect Suspicious Transaction Amount; Identify Accounts with Unusual Activity
1545,81607,10378,10378,SGD,UK,2024-05-31,1,Detect Suspicious Transaction Amount; Identify Accounts with Unusual Activity
1085,84793,7758,7758,JPY,AU,2024-07-04,1,Identify Accounts with Unusual Activity
1915,24231,11365,11365,CAD,JP,2024-09-25,5,Detect Suspicious Transaction Amount; Identify Accounts with Unusual Activity
1665,93473,3692,3681,SGD,DE,2024-11-26,1,Identify Accounts with Unusual Activity
1669,85421,2891,2878,JPY,DE,2024-08-13,6,Identify Accounts with Unusual Activity
1282,90614,16805,16805,AUD,CA,2024-11-03,7,Detect Suspicious Transaction Amount; Identify Accounts with Unusual Activity
1245,-787,17780,17896,GBP,SG,2025-04-02,3,Detect Suspicious Transaction Amount; Identify Accounts with Unusual Activity
1509,20745,13024,12956,SGD,SG,2025-01-27,9,Detect Suspicious Transaction Amount; Identify Accounts with Unusual Activity
1984,-1553,3285,3285,USD,UK,2025-04-18,8,Identify Accounts with Unusual Activity
1712,79960,10771,10771,INR,SG,2024-04-29,2,Detect Suspicious Transaction Amount; Identify Accounts with Unusual Activity
1428,86750,3118,3118,AUD,JP,2025-01-22,5,Identify Accounts with Unusual Activity
1989,76186,15120,15120,EUR,JP,2024-08-28,10,Detect Suspicious Transaction Amount; Identify Accounts with Unusual Activity
1981,72231,13406,13406,SGD,IN,2025-01-16,8,Detect Suspicious Transaction Amount; Identify Accounts with Unusual Activity
1706,51071,18378,18378,INR,SG,2024-06-16,7,Detect Suspicious Transaction Amount; Identify Accounts with Unusual Activity
1689,48275,19542,19542,USD,JP,2024-12-04,8,Detect Suspicious Transaction Amount; Identify Accounts with Unusual Activity
1998,64419,9278,9278,EUR,SG,2025-03-10,7,Identify Accounts with Unusual Activity
1320,24648,5718,5692,SGD,US,2024-04-15,1,Identify Accounts with Unusual Activity
1540,83498,10277,10277,CAD,SG,2024-02-28,7,Detect Suspicious Transaction Amount; Identify Accounts with Unusual Activity
1290,84788,7195,7195,USD,IN,2024-03-20,9,Identify Accounts with Unusual Activity
1038,5831,16858,16858,SGD,US,2024-05-26,6,Detect Suspicious Transaction Amount; Identify Accounts with Unusual Activity
1502,76679,19234,19234,AUD,SG,2025-01-29,6,Detect Suspicious Transaction Amount; Identify Accounts with Unusual Activity
1892,49090,10095,10095,EUR,UK,2024-07-20,10,Detect Suspicious Transaction Amount; Identify Accounts with Unusual Activity
1798,40078,1730,1730,JPY,US,2024-12-13,2,Identify Accounts with Unusual Activity
1532,-2737,13524,13524,AUD,JP,2025-01-20,10,Detect Suspicious Transaction Amount; Identify Accounts with Unusual Activity
1928,44853,18108,18108,JPY,CA,2024-11-13,3,Detect Suspicious Transaction Amount; Identify Accounts with Unusual Activity
1999,96789,9592,9592,GBP,US,2024-10-30,3,Identify Accounts with Unusual Activity
1361,62921,1887,1887,CAD,SG,2024-02-17,2,Identify Accounts with Unusual Activity
1262,-2591,9058,9008,INR,JP,2024-03-01,8,Identify Accounts with Unusual Activity
1956,68797,3665,3665,INR,JP,2024-06-01,10,Identify Accounts with Unusual Activity
1951,21816,11903,11903,USD,DE,2025-04-15,9,Detect Suspicious Transaction Amount; Identify Accounts with Unusual Activity
1911,41970,18661,18661,GBP,IN,2025-02-13,3,Detect Suspicious Transaction Amount; Identify Accounts with Unusual Activity
1193,55662,6466,6466,INR,JP,2024-09-09,1,Identify Accounts with Unusual Activity
1379,78447,16316,16316,AUD,JP,2025-03-18,8,Detect Suspicious Transaction Amount; Identify Accounts with Unusual Activity
1446,9601,9272,9272,AUD,UK,2024-03-22,7,Identify Accounts with Unusual Activity
1975,54182,5723,5723,EUR,DE,2024-06-21,3,Identify Accounts with Unusual Activity
1147,-4738,14234,14234,INR,DE,2025-02-04,7,Detect Suspicious Transaction Amount; Identify Accounts with Unusual Activity
1965,26664,2612,2617,USD,DE,2024-12-12,1,Identify Accounts with Unusual Activity
1180,59212,3150,3150,CAD,SG,2024-05-09,8,Identify Accounts with Unusual Activity
1796,70484,13438,13438,SGD,IN,2025-01-03,1,Detect Suspicious Transaction Amount; Identify Accounts with Unusual Activity
1594,56438,8870,8870,INR,US,2025-02-03,7,Identify Accounts with Unusual Activity
1838,17770,15348,15348,USD,CA,2024-06-23,3,Detect Suspicious Transaction Amount; Identify Accounts with Unusual Activity
1135,56861,7792,7792,CAD,CA,2025-04-05,1,Identify Accounts with Unusual Activity
1615,53934,14498,14498,CAD,US,2024-09-01,9,Detect Suspicious Transaction Amount; Identify Accounts with Unusual Activity
1418,63672,5538,5538,USD,SG,2024-04-05,6,Identify Accounts with Unusual Activity
1488,95487,16908,16908,EUR,US,2024-02-25,1,Detect Suspicious Transaction Amount; Identify Accounts with Unusual Activity
1127,96357,17528,17528,INR,JP,2024-12-17,6,Detect Suspicious Transaction Amount; Identify Accounts with Unusual Activity
1996,-9987,3403,3403,SGD,US,2025-04-12,9,Identify Accounts with Unusual Activity
1784,36787,7058,7058,GBP,UK,2024-10-31,9,Identify Accounts with Unusual Activity
1193,79620,5664,5677,SGD,US,2024-12-05,1,Identify Accounts with Unusual Activity
1549,87157,15074,15074,CAD,DE,2025-03-25,5,Detect Suspicious Transaction Amount; Identify Accounts with Unusual Activity
1122,69619,19887,19887,GBP,JP,2024-06-21,4,Detect Suspicious Transaction Amount; Identify Accounts with Unusual Activity
1483,-8184,17326,17326,JPY,UK,2024-11-13,8,Detect Suspicious Transaction Amount; Identify Accounts with Unusual Activity
1001,57183,8790,8790,AUD,DE,2024-03-08,1,Identify Accounts with Unusual Activity
1312,39747,18874,18874,EUR,SG,2024-06-07,10,Detect Suspicious Transaction Amount; Identify Accounts with Unusual Activity
1193,64210,4409,4409,GBP,AU,2024-12-29,5,Identify Accounts with Unusual Activity
1139,97409,4475,4475,SGD,UK,2024-11-14,2,Identify Accounts with Unusual Activity
1014,29356,9587,9587,CAD,UK,2024-07-10,3,Identify Accounts with Unusual Activity
1750,19190,14244,14244,GBP,CA,2024-07-30,8,Detect Suspicious Transaction Amount; Identify Accounts with Unusual Activity
1441,17624,12832,12832,JPY,IN,2025-02-27,6,Detect Suspicious Transaction Amount; Identify Accounts with Unusual Activity
1164,82769,9154,9154,EUR,UK,2025-01-15,3,Identify Accounts with Unusual Activity
1386,86629,18195,18195,AUD,DE,2024-09-01,7,Detect Suspicious Transaction Amount; Identify Accounts with Unusual Activity
1854,12106,5457,5457,AUD,JP,2025-02-06,5,Identify Accounts with Unusual Activity
1045,52514,1597,1597,GBP,IN,2024-05-30,9,Identify Accounts with Unusual Activity
1577,91040,5251,5251,SGD,IN,2024-07-07,2,Identify Accounts with Unusual Activity
1151,91253,13160,13160,USD,AU,2024-07-03,8,Detect Suspicious Transaction Amount; Identify Accounts with Unusual Activity
1906,39124,19754,19754,EUR,SG,2024-03-06,7,Detect Suspicious Transaction Amount; Identify Accounts with Unusual Activity
1427,30026,19588,19588,INR,JP,2025-04-01,7,Detect Suspicious Transaction Amount; Identify Accounts with Unusual Activity
1770,-3185,15128,15128,GBP,CA,2024-10-15,7,Detect Suspicious Transaction Amount; Identify Accounts with Unusual Activity
1550,58943,11808,11808,EUR,US,2025-03-09,1,Detect Suspicious Transaction Amount; Identify Accounts with Unusual Activity
1379,54584,2280,2280,CAD,CA,2025-03-27,8,Identify Accounts with Unusual Activity
1759,11247,17534,17534,GBP,IN,2024-03-26,7,Detect Suspicious Transaction Amount; Identify Accounts with Unusual Activity
1181,21248,17657,17730,GBP,CA,2024-06-29,2,Detect Suspicious Transaction Amount; Identify Accounts with Unusual Activity
1687,27257,14943,14943,SGD,SG,2024-09-09,6,Detect Suspicious Transaction Amount; Identify Accounts with Unusual Activity
1270,7298,15414,15482,AUD,DE,2024-05-05,5,Detect Suspicious Transaction Amount; Identify Accounts with Unusual Activity
1627,-690,14991,14991,AUD,AU,2024-08-08,7,Detect Suspicious Transaction Amount; Identify Accounts with Unusual Activity
1841,72252,4630,4630,USD,SG,2024-10-26,1,Identify Accounts with Unusual Activity
1286,95155,1617,1617,GBP,UK,2024-07-28,4,Identify Accounts with Unusual Activity
1418,39503,10464,10464,CAD,SG,2024-04-13,1,Detect Suspicious Transaction Amount; Identify Accounts with Unusual Activity
1868,9448,3238,3238,GBP,US,2024-05-13,9,Identify Accounts with Unusual Activity
1438,65313,16084,16084,INR,UK,2024-07-06,7,Detect Suspicious Transaction Amount; Identify Accounts with Unusual Activity
1990,96780,18207,18207,CAD,UK,2024-05-06,7,Detect Suspicious Transaction Amount; Identify Accounts with Unusual Activity
1525,58539,13961,13961,GBP,JP,2025-01-12,10,Detect Suspicious Transaction Amount; Identify Accounts with Unusual Activity
1998,66335,18131,18131,INR,CA,2024-09-28,3,Detect Suspicious Transaction Amount; Identify Accounts with Unusual Activity
1380,31139,10337,10337,USD,CA,2025-01-25,1,Detect Suspicious Transaction Amount; Identify Accounts with Unusual Activity
1670,61090,19121,19121,EUR,DE,2024-09-09,3,Detect Suspicious Transaction Amount; Identify Accounts with Unusual Activity
1401,-4789,9035,9035,GBP,SG,2024-11-06,4,Identify Accounts with Unusual Activity
1545,68249,5178,5178,AUD,CA,2024-11-16,7,Identify Accounts with Unusual Activity
1571,54821,18804,18804,INR,DE,2024-02-24,5,Detect Suspicious Transaction Amount; Identify Accounts with Unusual Activity
1582,26841,5800,5800,AUD,IN,2025-04-20,5,Identify Accounts with Unusual Activity
1504,74178,10215,10215,AUD,DE,2024-03-04,1,Detect Suspicious Transaction Amount; Identify Accounts with Unusual Activity
1330,29549,5829,5783,CAD,CA,2025-02-20,1,Identify Accounts with Unusual Activity
1690,8614,13060,13060,CAD,US,2024-06-15,6,Detect Suspicious Transaction Amount; Identify Accounts with Unusual Activity
1694,66719,14548,14548,INR,UK,2024-07-31,2,Detect Suspicious Transaction Amount; Identify Accounts with Unusual Activity
1846,49721,7026,7026,JPY,CA,2025-02-18,5,Identify Accounts with Unusual Activity
1011,52951,2234,2234,GBP,CA,2024-03-10,10,Identify Accounts with Unusual Activity
1333,3902,19158,19158,GBP,JP,2024-07-09,3,Detect Suspicious Transaction Amount; Identify Accounts with Unusual Activity
1076,86171,12478,12478,JPY,IN,2024-11-22,9,Detect Suspicious Transaction Amount; Identify Accounts with Unusual Activity
1789,53166,4700,4700,EUR,DE,2024-07-10,2,Identify Accounts with Unusual Activity
1964,9711,2249,2249,USD,CA,2024-10-08,1,Identify Accounts with Unusual Activity
1458,46745,7348,7348,GBP,JP,2024-05-26,6,Identify Accounts with Unusual Activity
1741,59835,2939,2939,SGD,AU,2024-10-03,5,Identify Accounts with Unusual Activity
1675,23316,12929,12929,USD,SG,2024-06-22,1,Detect Suspicious Transaction Amount; Identify Accounts with Unusual Activity
1300,32758,15241,15241,USD,JP,2024-09-06,2,Detect Suspicious Transaction Amount; Identify Accounts with Unusual Activity
1635,-8215,5021,5021,JPY,UK,2025-03-23,6,Identify Accounts with Unusual Activity
1034,35495,14378,14378,AUD,CA,2025-03-02,8,Detect Suspicious Transaction Amount; Identify Accounts with Unusual Activity
1318,41473,5272,5272,AUD,DE,2024-06-17,2,Identify Accounts with Unusual Activity
1173,82652,18351,18351,EUR,JP,2024-09-06,7,Detect Suspicious Transaction Amount; Identify Accounts with Unusual Activity
1548,59972,10741,10741,CAD,CA,2025-02-23,10,Detect Suspicious Transaction Amount; Identify Accounts with Unusual Activity
1689,17132,13498,13498,SGD,DE,2024-09-21,5,Detect Suspicious Transaction Amount; Identify Accounts with Unusual Activity
1478,36713,14860,14860,INR,IN,2024-05-13,2,Detect Suspicious Transaction Amount; Identify Accounts with Unusual Activity
1203,83420,7101,7101,JPY,AU,2025-03-02,8,Identify Accounts with Unusual Activity
1317,87879,12364,12364,SGD,JP,2024-09-03,4,Detect Suspicious Transaction Amount; Identify Accounts with Unusual Activity
1502,2192,1848,1848,JPY,CA,2024-05-17,4,Identify Accounts with Unusual Activity
1592,63728,15560,15652,GBP,IN,2024-05-04,5,Detect Suspicious Transaction Amount; Identify Accounts with Unusual Activity
1241,94846,11205,11205,JPY,US,2024-12-01,9,Detect Suspicious Transaction Amount; Identify Accounts with Unusual Activity
1754,-9214,18127,18127,SGD,DE,2024-10-01,4,Detect Suspicious Transaction Amount; Identify Accounts with Unusual Activity
1164,-5665,8363,8363,USD,US,2024-09-13,9,Identify Accounts with Unusual Activity
1591,-8786,8992,8992,SGD,IN,2025-02-23,4,Identify Accounts with Unusual Activity
1309,37414,13274,13274,SGD,UK,2024-08-31,2,Detect Suspicious Transaction Amount; Identify Accounts with Unusual Activity
1610,-5389,3428,3428,JPY,AU,2024-09-13,7,Identify Accounts with Unusual Activity
1223,46313,10468,10468,EUR,JP,2024-07-13,2,Detect Suspicious Transaction Amount; Identify Accounts with Unusual Activity
1632,70392,1554,1554,CAD,IN,2024-03-31,2,Identify Accounts with Unusual Activity
1470,24373,19553,19553,USD,SG,2024-07-12,3,Detect Suspicious Transaction Amount; Identify Accounts with Unusual Activity
1039,-480,19220,19220,INR,JP,2024-07-04,3,Detect Suspicious Transaction Amount; Identify Accounts with Unusual Activity
1008,-921,19800,19800,USD,US,2024-02-27,6,Detect Suspicious Transaction Amount; Identify Accounts with Unusual Activity
1057,64991,7915,7915,JPY,JP,2024-09-08,8,Identify Accounts with Unusual Activity
1585,-4175,16756,16756,SGD,AU,2024-06-25,7,Detect Suspicious Transaction Amount; Identify Accounts with Unusual Activity
1298,25604,9874,9874,AUD,IN,2024-03-11,3,Identify Accounts with Unusual Activity
1836,5058,15840,15840,JPY,DE,2024-05-21,5,Detect Suspicious Transaction Amount; Identify Accounts with Unusual Activity
1891,85044,8648,8648,GBP,DE,2024-07-29,10,Identify Accounts with Unusual Activity
1930,25028,14543,14543,AUD,CA,2024-08-01,6,Detect Suspicious Transaction Amount; Identify Accounts with Unusual Activity
1138,99730,16774,16774,SGD,SG,2024-06-25,8,Detect Suspicious Transaction Amount; Identify Accounts with Unusual Activity
1126,48432,1409,1409,SGD,IN,2024-08-04,3,Identify Accounts with Unusual Activity
1192,74482,5922,5922,SGD,US,2024-05-23,1,Identify Accounts with Unusual Activity
1500,63728,9776,9680,EUR,US,2025-04-13,7,Identify Accounts with Unusual Activity
1434,99910,18720,18850,EUR,AU,2024-08-27,2,Detect Suspicious Transaction Amount; Identify Accounts with Unusual Activity
1711,47231,1656,1656,INR,SG,2024-05-09,2,Identify Accounts with Unusual Activity
1957,59985,16216,16216,GBP,US,2024-11-24,1,Detect Suspicious Transaction Amount; Identify Accounts with Unusual Activity
1462,6973,19962,19962,SGD,JP,2024-12-21,3,Detect Suspicious Transaction Amount; Identify Accounts with Unusual Activity
1163,17213,16851,16851,CAD,UK,2024-03-03,2,Detect Suspicious Transaction Amount; Identify Accounts with Unusual Activity
1645,-768,4119,4119,SGD,JP,2024-11-15,2,Identify Accounts with Unusual Activity
1564,94322,11868,11868,GBP,SG,2024-08-16,8,Detect Suspicious Transaction Amount; Identify Accounts with Unusual Activity
1148,20323,5888,5888,EUR,JP,2024-02-16,8,Identify Accounts with Unusual Activity
1077,86515,10920,10920,JPY,JP,2024-07-24,1,Detect Suspicious Transaction Amount; Identify Accounts with Unusual Activity
1250,22204,8248,8248,JPY,JP,2025-01-19,6,Identify Accounts with Unusual Activity
1331,28248,8352,8352,CAD,JP,2025-04-17,2,Identify Accounts with Unusual Activity
1934,16021,11024,11024,CAD,AU,2024-11-24,9,Detect Suspicious Transaction Amount; Identify Accounts with Unusual Activity
1010,8438,12562,12562,INR,CA,2024-08-05,6,Detect Suspicious Transaction Amount; Identify Accounts with Unusual Activity
1137,27027,12938,12938,CAD,UK,2024-07-18,5,Detect Suspicious Transaction Amount; Identify Accounts with Unusual Activity
1723,18750,12087,12087,EUR,AU,2024-08-20,2,Detect Suspicious Transaction Amount; Identify Accounts with Unusual Activity
1248,20202,5973,5973,CAD,US,2024-06-04,8,Identify Accounts with Unusual Activity
1334,2204,1263,1263,SGD,SG,2024-07-16,1,Identify Accounts with Unusual Activity
1146,87703,7902,7902,AUD,IN,2024-09-06,1,Identify Accounts with Unusual Activity
1859,79815,17559,17559,SGD,SG,2025-04-04,3,Detect Suspicious Transaction Amount; Identify Accounts with Unusual Activity
1875,74632,13212,13212,USD,SG,2024-08-22,8,Detect Suspicious Transaction Amount; Identify Accounts with Unusual Activity
1681,63614,10796,10796,JPY,AU,2024-07-30,1,Detect Suspicious Transaction Amount; Identify Accounts with Unusual Activity
1423,42576,7972,7972,USD,AU,2024-08-30,1,Identify Accounts with Unusual Activity
1576,47026,15234,15234,SGD,US,2024-04-25,7,Detect Suspicious Transaction Amount; Identify Accounts with Unusual Activity
1384,-3114,8361,8289,USD,CA,2024-05-30,5,Identify Accounts with Unusual Activity
1761,89625,12346,12346,INR,CA,2024-10-19,7,Detect Suspicious Transaction Amount; Identify Accounts with Unusual Activity
1733,19371,8678,8732,JPY,US,2024-04-02,6,Identify Accounts with Unusual Activity
1964,78024,4705,4705,SGD,CA,2024-11-10,1,Identify Accounts with Unusual Activity
1617,-8408,8056,8056,JPY,CA,2024-03-07,7,Identify Accounts with Unusual Activity
1773,40178,6340,6340,AUD,UK,2025-01-26,9,Identify Accounts with Unusual Activity
1023,83972,12494,12494,USD,CA,2024-04-27,6,Detect Suspicious Transaction Amount; Identify Accounts with Unusual Activity
1300,96461,1938,1938,JPY,JP,2025-02-23,8,Identify Accounts with Unusual Activity
1165,79220,10933,10933,CAD,US,2024-04-07,10,Detect Suspicious Transaction Amount; Identify Accounts with Unusual Activity
1297,67934,19574,19574,EUR,IN,2024-10-07,6,Detect Suspicious Transaction Amount; Identify Accounts with Unusual Activity
1896,45711,2113,2113,EUR,US,2024-07-20,7,Identify Accounts with Unusual Activity
1099,51405,7854,7828,EUR,SG,2024-03-08,10,Identify Accounts with Unusual Activity
1740,23378,2606,2606,AUD,SG,2025-04-10,9,Identify Accounts with Unusual Activity
1963,98397,15468,15468,INR,JP,2024-12-27,7,Detect Suspicious Transaction Amount; Identify Accounts with Unusual Activity
1724,85473,17345,17345,CAD,AU,2024-06-05,9,Detect Suspicious Transaction Amount; Identify Accounts with Unusual Activity
1804,73679,7250,7250,EUR,JP,2025-03-18,6,Identify Accounts with Unusual Activity
1326,60769,16001,16001,EUR,AU,2024-11-24,6,Detect Suspicious Transaction Amount; Identify Accounts with Unusual Activity
1414,61024,17424,17424,INR,US,2024-09-30,4,Detect Suspicious Transaction Amount; Identify Accounts with Unusual Activity
1168,91199,11743,11744,SGD,UK,2025-04-13,7,Detect Suspicious Transaction Amount; Identify Accounts with Unusual Activity
1992,33341,4688,4685,SGD,DE,2024-07-06,3,Identify Accounts with Unusual Activity
1304,57626,15043,15043,USD,US,2024-04-09,9,Detect Suspicious Transaction Amount; Identify Accounts with Unusual Activity
1775,73631,13742,13742,USD,SG,2024-09-04,3,Detect Suspicious Transaction Amount; Identify Accounts with Unusual Activity
1474,51914,3230,3198,JPY,IN,2025-04-09,9,Identify Accounts with Unusual Activity
1508,50114,15350,15375,EUR,CA,2024-12-07,8,Detect Suspicious Transaction Amount; Identify Accounts with Unusual Activity
1957,3208,15019,15019,EUR,UK,2025-02-08,10,Detect Suspicious Transaction Amount; Identify Accounts with Unusual Activity
1836,5712,18139,18139,GBP,CA,2024-05-20,1,Detect Suspicious Transaction Amount; Identify Accounts with Unusual Activity
1919,1013,9834,9834,SGD,CA,2024-10-14,3,Identify Accounts with Unusual Activity
1115,78992,3363,3363,AUD,AU,2024-06-12,2,Identify Accounts with Unusual Activity
1888,54609,5730,5730,SGD,CA,2024-12-11,5,Identify Accounts with Unusual Activity
1212,64135,3718,3709,JPY,IN,2024-04-05,2,Identify Accounts with Unusual Activity
1598,47711,16999,16999,GBP,US,2024-10-09,7,Detect Suspicious Transaction Amount; Identify Accounts with Unusual Activity
1753,28786,13849,13849,CAD,UK,2025-02-05,8,Detect Suspicious Transaction Amount; Identify Accounts with Unusual Activity
1439,22415,8162,8162,INR,IN,2024-07-15,2,Identify Accounts with Unusual Activity
1125,22654,12478,12478,GBP,SG,2024-05-26,4,Detect Suspicious Transaction Amount; Identify Accounts with Unusual Activity
1397,57494,1687,1687,SGD,CA,2025-03-20,4,Identify Accounts with Unusual Activity
1291,39340,12880,12880,CAD,AU,2025-01-20,9,Detect Suspicious Transaction Amount; Identify Accounts with Unusual Activity
1942,18125,2345,2345,USD,UK,2024-08-27,2,Identify Accounts with Unusual Activity
1653,-6591,17357,17357,USD,UK,2024-06-30,4,Detect Suspicious Transaction Amount; Identify Accounts with Unusual Activity
1826,25529,17820,17820,EUR,IN,2024-08-06,6,Detect Suspicious Transaction Amount; Identify Accounts with Unusual Activity
1378,93109,11296,11296,GBP,AU,2024-12-02,4,Detect Suspicious Transaction Amount; Identify Accounts with Unusual Activity
1863,64695,1817,1817,SGD,AU,2024-07-29,2,Identify Accounts with Unusual Activity
1142,-413,15297,15297,AUD,JP,2025-02-15,9,Detect Suspicious Transaction Amount; Identify Accounts with Unusual Activity
1193,22475,17598,17598,EUR,DE,2025-02-23,5,Detect Suspicious Transaction Amount; Identify Accounts with Unusual Activity
1266,35935,3864,3864,CAD,UK,2024-10-16,9,Identify Accounts with Unusual Activity
1526,86290,18582,18582,CAD,SG,2024-08-26,10,Detect Suspicious Transaction Amount; Identify Accounts with Unusual Activity
1854,81155,8474,8474,GBP,UK,2024-06-25,8,Identify Accounts with Unusual Activity
1468,63024,2498,2515,GBP,IN,2024-12-23,8,Identify Accounts with Unusual Activity
1861,79801,13717,13717,JPY,AU,2025-04-06,10,Detect Suspicious Transaction Amount; Identify Accounts with Unusual Activity
1320,92657,18154,18154,EUR,JP,2024-12-13,8,Detect Suspicious Transaction Amount; Identify Accounts with Unusual Activity
1922,-1671,11186,11186,GBP,AU,2025-04-06,1,Detect Suspicious Transaction Amount; Identify Accounts with Unusual Activity
1317,40006,15514,15514,SGD,US,2024-04-08,6,Detect Suspicious Transaction Amount; Identify Accounts with Unusual Activity
1747,51088,14538,14538,CAD,JP,2024-04-12,7,Detect Suspicious Transaction Amount; Identify Accounts with Unusual Activity
1800,56477,18449,18449,CAD,JP,2024-09-27,7,Detect Suspicious Transaction Amount; Identify Accounts with Unusual Activity
1330,44974,16496,16496,SGD,US,2024-06-17,5,Detect Suspicious Transaction Amount; Identify Accounts with Unusual Activity
1792,15806,5250,5250,USD,US,2024-04-27,3,Identify Accounts with Unusual Activity
1184,25794,8004,8004,JPY,US,2024-05-08,8,Identify Accounts with Unusual Activity
1645,90440,13689,13689,AUD,AU,2024-11-02,10,Detect Suspicious Transaction Amount; Identify Accounts with Unusual Activity
1539,29093,3672,3672,JPY,IN,2024-10-17,8,Identify Accounts with Unusual Activity
1952,-7106,13220,13220,EUR,CA,2024-04-16,1,Detect Suspicious Transaction Amount; Identify Accounts with Unusual Activity
1750,82524,1609,1609,CAD,UK,2025-04-09,6,Identify Accounts with Unusual Activity
1126,99351,4034,4034,CAD,DE,2024-12-19,10,Identify Accounts with Unusual Activity
1825,71403,17561,17561,AUD,JP,2024-11-08,1,Detect Suspicious Transaction Amount; Identify Accounts with Unusual Activity
1730,55754,16226,16224,SGD,SG,2024-04-06,8,Detect Suspicious Transaction Amount; Identify Accounts with Unusual Activity
1622,50112,18858,18858,SGD,US,2025-04-11,8,Detect Suspicious Transaction Amount; Identify Accounts with Unusual Activity
1845,72347,4801,4801,EUR,US,2024-08-31,5,Identify Accounts with Unusual Activity
1649,50839,19863,19863,EUR,AU,2025-04-18,10,Detect Suspicious Transaction Amount; Identify Accounts with Unusual Activity
1076,31361,16588,16588,SGD,US,2024-05-06,3,Detect Suspicious Transaction Amount; Identify Accounts with Unusual Activity
1646,31112,11106,11106,SGD,IN,2025-01-01,5,Detect Suspicious Transaction Amount; Identify Accounts with Unusual Activity
1710,84427,15703,15703,GBP,UK,2024-03-03,2,Detect Suspicious Transaction Amount; Identify Accounts with Unusual Activity
1749,99212,19539,19539,AUD,US,2024-08-24,1,Detect Suspicious Transaction Amount; Identify Accounts with Unusual Activity
1360,58830,9517,9517,SGD,IN,2025-03-02,7,Identify Accounts with Unusual Activity
1778,51477,7457,7457,INR,CA,2025-04-15,5,Identify Accounts with Unusual Activity
1771,75041,3350,3350,JPY,AU,2024-09-23,10,Identify Accounts with Unusual Activity
1462,-1577,3131,3131,GBP,SG,2024-03-28,7,Identify Accounts with Unusual Activity
1204,-978,7487,7487,INR,JP,2025-01-03,6,Identify Accounts with Unusual Activity
1634,40369,2844,2844,EUR,JP,2024-06-27,8,Identify Accounts with Unusual Activity
1879,14145,15187,15187,EUR,AU,2024-05-03,9,Detect Suspicious Transaction Amount; Identify Accounts with Unusual Activity
1804,95702,10915,10915,GBP,IN,2024-11-23,6,Detect Suspicious Transaction Amount; Identify Accounts with Unusual Activity
1220,52987,7182,7182,INR,US,2024-11-13,1,Identify Accounts with Unusual Activity
1389,49053,6497,6497,SGD,IN,2024-04-11,9,Identify Accounts with Unusual Activity
1066,23100,18566,18566,JPY,UK,2024-07-15,10,Detect Suspicious Transaction Amount; Identify Accounts with Unusual Activity
1602,88161,16688,16688,INR,IN,2025-04-06,8,Detect Suspicious Transaction Amount; Identify Accounts with Unusual Activity
1742,79560,17881,17881,INR,UK,2024-07-25,10,Detect Suspicious Transaction Amount; Identify Accounts with Unusual Activity
1681,78421,17925,17753,INR,CA,2025-04-09,8,Detect Suspicious Transaction Amount; Identify Accounts with Unusual Activity
1927,73712,3694,3672,SGD,CA,2024-06-07,6,Identify Accounts with Unusual Activity
1354,33798,15929,15929,JPY,AU,2024-06-28,1,Detect Suspicious Transaction Amount; Identify Accounts with Unusual Activity
1922,6511,15979,15979,CAD,IN,2024-03-09,5,Detect Suspicious Transaction Amount; Identify Accounts with Unusual Activity
1873,30572,1145,1145,AUD,DE,2024-08-15,4,Identify Accounts with Unusual Activity
1894,35297,19439,19439,SGD,DE,2025-03-31,10,Detect Suspicious Transaction Amount; Identify Accounts with Unusual Activity
1985,45848,13618,13618,AUD,CA,2024-07-01,10,Detect Suspicious Transaction Amount; Identify Accounts with Unusual Activity
1386,-3246,13781,13781,AUD,US,2024-08-30,10,Detect Suspicious Transaction Amount; Identify Accounts with Unusual Activity
1016,31780,16339,16339,GBP,SG,2025-03-08,1,Detect Suspicious Transaction Amount; Identify Accounts with Unusual Activity
1784,24780,12983,12983,CAD,IN,2024-06-23,8,Detect Suspicious Transaction Amount; Identify Accounts with Unusual Activity
1798,-2398,8362,8362,SGD,CA,2025-01-28,3,Identify Accounts with Unusual Activity
1625,77968,10965,10965,GBP,DE,2024-12-11,3,Detect Suspicious Transaction Amount; Identify Accounts with Unusual Activity
1443,65301,18799,18799,CAD,AU,2024-05-25,5,Detect Suspicious Transaction Amount; Identify Accounts with Unusual Activity
1895,10897,13561,13592,EUR,IN,2024-11-02,4,Detect Suspicious Transaction Amount; Identify Accounts with Unusual Activity
1808,62384,15285,15332,GBP,SG,2024-03-12,7,Detect Suspicious Transaction Amount; Identify Accounts with Unusual Activity
1228,-9296,13104,13104,EUR,US,2024-06-11,7,Detect Suspicious Transaction Amount; Identify Accounts with Unusual Activity
1867,1020,10636,10712,JPY,JP,2024-05-11,10,Detect Suspicious Transaction Amount; Identify Accounts with Unusual Activity
1458,26352,15032,15032,GBP,UK,2025-03-16,6,Detect Suspicious Transaction Amount; Identify Accounts with Unusual Activity
1376,94511,1936,1936,INR,DE,2024-09-08,1,Identify Accounts with Unusual Activity
1890,-5557,18329,18329,GBP,AU,2025-03-28,6,Detect Suspicious Transaction Amount; Identify Accounts with Unusual Activity
1676,-4559,1529,1529,SGD,AU,2024-05-22,1,Identify Accounts with Unusual Activity
1325,-7109,8521,8521,SGD,US,2024-08-05,5,Identify Accounts with Unusual Activity
1676,20386,4113,4113,AUD,IN,2024-10-06,9,Identify Accounts with Unusual Activity
1555,54749,14703,14703,EUR,UK,2024-03-20,4,Detect Suspicious Transaction Amount; Identify Accounts with Unusual Activity
1309,-7955,5289,5289,GBP,IN,2024-06-01,2,Identify Accounts with Unusual Activity
1961,82831,3033,3008,CAD,IN,2024-11-26,5,Identify Accounts with Unusual Activity
1884,92845,11325,11325,INR,DE,2024-02-25,7,Detect Suspicious Transaction Amount; Identify Accounts with Unusual Activity
1656,1982,4842,4842,INR,IN,2025-02-03,7,Identify Accounts with Unusual Activity
1748,75675,1552,1555,SGD,UK,2024-03-07,5,Identify Accounts with Unusual Activity
1625,52791,6793,6793,USD,SG,2024-06-26,10,Identify Accounts with Unusual Activity
1923,65840,17053,17053,USD,UK,2024-12-06,10,Detect Suspicious Transaction Amount; Identify Accounts with Unusual Activity
1353,24601,13364,13364,CAD,JP,2024-04-30,3,Detect Suspicious Transaction Amount; Identify Accounts with Unusual Activity
1092,59452,8576,8658,EUR,SG,2024-09-17,8,Identify Accounts with Unusual Activity
1264,38077,3662,3662,CAD,JP,2025-02-16,5,Identify Accounts with Unusual Activity
1617,61100,16709,16709,EUR,CA,2024-08-20,3,Detect Suspicious Transaction Amount; Identify Accounts with Unusual Activity
1267,59484,18092,18092,AUD,CA,2024-02-26,8,Detect Suspicious Transaction Amount; Identify Accounts with Unusual Activity
1926,15208,2844,2844,INR,CA,2024-05-06,5,Identify Accounts with Unusual Activity
1578,43646,5872,5872,CAD,IN,2024-05-11,1,Identify Accounts with Unusual Activity
1071,78113,8182,8182,INR,UK,2024-02-20,6,Identify Accounts with Unusual Activity
1584,89917,17942,17942,JPY,JP,2024-12-25,3,Detect Suspicious Transaction Amount; Identify Accounts with Unusual Activity
1685,63908,2061,2061,JPY,JP,2024-06-27,3,Identify Accounts with Unusual Activity
1758,88712,14719,14719,INR,SG,2024-12-22,8,Detect Suspicious Transaction Amount; Identify Accounts with Unusual Activity
1576,64426,10243,10285,JPY,AU,2024-05-30,6,Detect Suspicious Transaction Amount; Identify Accounts with Unusual Activity
1092,47129,9766,9766,SGD,JP,2024-12-12,1,Identify Accounts with Unusual Activity
1245,42613,13689,13689,AUD,JP,2025-01-28,10,Detect Suspicious Transaction Amount; Identify Accounts with Unusual Activity
1697,27605,17196,17196,GBP,CA,2025-03-07,2,Detect Suspicious Transaction Amount; Identify Accounts with Unusual Activity
1345,80925,9960,9897,JPY,CA,2024-09-29,9,Identify Accounts with Unusual Activity
1815,8184,15006,15006,INR,UK,2024-10-19,9,Detect Suspicious Transaction Amount; Identify Accounts with Unusual Activity
1932,48766,4503,4503,USD,SG,2025-01-09,9,Identify Accounts with Unusual Activity
1083,79834,17469,17469,EUR,JP,2024-07-01,1,Detect Suspicious Transaction Amount; Identify Accounts with Unusual Activity
1821,25340,12615,12615,JPY,JP,2024-06-22,3,Detect Suspicious Transaction Amount; Identify Accounts with Unusual Activity
1273,-7203,10857,10857,SGD,IN,2024-10-15,7,Detect Suspicious Transaction Amount; Identify Accounts with Unusual Activity
1865,7053,2336,2336,AUD,AU,2024-05-19,4,Identify Accounts with Unusual Activity
1714,9852,12366,12366,AUD,UK,2025-01-20,2,Detect Suspicious Transaction Amount; Identify Accounts with Unusual Activity
1243,44172,5950,5950,CAD,AU,2024-07-03,1,Identify Accounts with Unusual Activity
1227,38264,19031,19031,USD,CA,2024-10-21,10,Detect Suspicious Transaction Amount; Identify Accounts with Unusual Activity
1682,85388,7728,7729,EUR,DE,2025-02-07,5,Identify Accounts with Unusual Activity
1531,92281,1161,1161,USD,AU,2025-01-30,4,Identify Accounts with Unusual Activity
1436,32518,1472,1472,JPY,AU,2024-12-30,8,Identify Accounts with Unusual Activity
1362,15032,5466,5466,SGD,AU,2024-08-10,10,Identify Accounts with Unusual Activity
1445,61568,6661,6661,AUD,SG,2025-02-06,7,Identify Accounts with Unusual Activity
1726,88598,7814,7814,USD,SG,2024-08-01,3,Identify Accounts with Unusual Activity
1448,42129,15069,15069,CAD,DE,2025-04-18,8,Detect Suspicious Transaction Amount; Identify Accounts with Unusual Activity
1633,77477,10393,10393,USD,DE,2025-04-01,4,Detect Suspicious Transaction Amount; Identify Accounts with Unusual Activity
1374,42271,18504,18504,USD,UK,2024-03-07,10,Detect Suspicious Transaction Amount; Identify Accounts with Unusual Activity
1741,77473,16230,16230,AUD,DE,2024-05-29,6,Detect Suspicious Transaction Amount; Identify Accounts with Unusual Activity
1114,94493,6555,6555,USD,UK,2024-11-19,2,Identify Accounts with Unusual Activity
1843,37350,1435,1435,AUD,SG,2024-11-03,10,Identify Accounts with Unusual Activity
1122,93214,5893,5893,CAD,SG,2024-08-01,10,Identify Accounts with Unusual Activity
1668,-5979,4914,4914,GBP,UK,2024-12-22,8,Identify Accounts with Unusual Activity
1669,68661,2317,2317,USD,UK,2024-05-01,9,Identify Accounts with Unusual Activity
1061,73256,9605,9605,AUD,AU,2025-01-18,4,Identify Accounts with Unusual Activity
1180,72744,18521,18521,CAD,CA,2024-09-10,5,Detect Suspicious Transaction Amount; Identify Accounts with Unusual Activity
1165,94393,13350,13350,JPY,JP,2025-02-21,8,Detect Suspicious Transaction Amount; Identify Accounts with Unusual Activity
1835,74299,13251,13251,INR,AU,2025-01-30,8,Detect Suspicious Transaction Amount; Identify Accounts with Unusual Activity
1667,-4204,11158,11158,AUD,CA,2025-01-08,3,Detect Suspicious Transaction Amount; Identify Accounts with Unusual Activity
1660,14629,15618,15618,AUD,IN,2024-12-05,10,Detect Suspicious Transaction Amount; Identify Accounts with Unusual Activity
1129,-1084,10456,10456,AUD,JP,2025-02-13,4,Detect Suspicious Transaction Amount; Identify Accounts with Unusual Activity
1869,64971,4619,4619,GBP,SG,2025-01-09,10,Identify Accounts with Unusual Activity
1072,30559,9764,9764,JPY,CA,2024-02-29,10,Identify Accounts with Unusual Activity
1758,25688,16786,16786,SGD,JP,2024-09-18,8,Detect Suspicious Transaction Amount; Identify Accounts with Unusual Activity
1819,3274,10545,10545,GBP,IN,2024-03-28,7,Detect Suspicious Transaction Amount; Identify Accounts with Unusual Activity
1163,-4731,17046,17046,GBP,AU,2024-06-13,7,Detect Suspicious Transaction Amount; Identify Accounts with Unusual Activity
1953,94902,4713,4713,JPY,DE,2024-10-12,3,Identify Accounts with Unusual Activity
1844,55696,18485,18485,INR,SG,2024-07-10,6,Detect Suspicious Transaction Amount; Identify Accounts with Unusual Activity
1640,76466,12130,12130,JPY,IN,2024-11-15,6,Detect Suspicious Transaction Amount; Identify Accounts with Unusual Activity
1689,81879,18657,18657,SGD,AU,2024-07-21,8,Detect Suspicious Transaction Amount; Identify Accounts with Unusual Activity
1204,22348,14698,14698,AUD,AU,2024-06-18,9,Detect Suspicious Transaction Amount; Identify Accounts with Unusual Activity
1996,69905,12435,12435,CAD,SG,2024-11-20,2,Detect Suspicious Transaction Amount; Identify Accounts with Unusual Activity
1633,49394,8872,8923,SGD,AU,2024-07-16,8,Identify Accounts with Unusual Activity
1040,80028,15030,15030,AUD,JP,2024-11-10,1,Detect Suspicious Transaction Amount; Identify Accounts with Unusual Activity
1237,132,15637,15637,AUD,US,2024-12-25,7,Detect Suspicious Transaction Amount; Identify Accounts with Unusual Activity
1421,84886,17745,17745,INR,SG,2024-04-26,8,Detect Suspicious Transaction Amount; Identify Accounts with Unusual Activity
1715,97760,5103,5103,USD,CA,2025-03-02,10,Identify Accounts with Unusual Activity
1612,79356,2182,2182,JPY,CA,2024-12-29,8,Identify Accounts with Unusual Activity
1656,64122,8448,8448,JPY,JP,2024-04-10,9,Identify Accounts with Unusual Activity
1356,4800,4466,4466,GBP,IN,2025-02-26,9,Identify Accounts with Unusual Activity
1241,32341,13179,13304,CAD,IN,2024-06-26,9,Detect Suspicious Transaction Amount; Identify Accounts with Unusual Activity
1803,46587,14490,14490,INR,DE,2025-02-02,8,Detect Suspicious Transaction Amount; Identify Accounts with Unusual Activity
1489,-4000,9461,9461,INR,CA,2024-07-07,10,Identify Accounts with Unusual Activity
1410,4708,19797,19644,JPY,IN,2024-09-04,1,Detect Suspicious Transaction Amount; Identify Accounts with Unusual Activity
1919,85807,19919,19919,AUD,SG,2024-09-25,7,Detect Suspicious Transaction Amount; Identify Accounts with Unusual Activity
1628,36247,7230,7230,USD,CA,2025-02-16,7,Identify Accounts with Unusual Activity
1275,4282,3921,3921,INR,JP,2024-06-30,9,Identify Accounts with Unusual Activity
1716,51884,9691,9691,JPY,SG,2024-06-03,7,Identify Accounts with Unusual Activity
1448,75961,14447,14447,AUD,UK,2024-10-01,4,Detect Suspicious Transaction Amount; Identify Accounts with Unusual Activity
1206,77103,3158,3158,INR,US,2024-07-12,7,Identify Accounts with Unusual Activity
1617,74294,11819,11819,GBP,JP,2024-04-27,6,Detect Suspicious Transaction Amount; Identify Accounts with Unusual Activity
1663,37361,4393,4393,EUR,IN,2024-04-25,1,Identify Accounts with Unusual Activity
1586,970,12285,12285,CAD,JP,2025-03-12,3,Detect Suspicious Transaction Amount; Identify Accounts with Unusual Activity
1754,41932,18874,18874,GBP,DE,2025-03-17,3,Detect Suspicious Transaction Amount; Identify Accounts with Unusual Activity
1904,45860,19101,19101,INR,US,2024-07-20,4,Detect Suspicious Transaction Amount; Identify Accounts with Unusual Activity
1175,97621,12252,12252,SGD,JP,2024-07-03,9,Detect Suspicious Transaction Amount; Identify Accounts with Unusual Activity
1223,34310,6484,6484,INR,SG,2024-10-14,10,Identify Accounts with Unusual Activity
2000,13792,12337,12337,JPY,DE,2024-09-04,9,Detect Suspicious Transaction Amount; Identify Accounts with Unusual Activity
1787,47367,2898,2898,SGD,UK,2024-12-31,2,Identify Accounts with Unusual Activity
1395,-2488,8893,8893,INR,JP,2024-05-06,8,Identify Accounts with Unusual Activity
1661,23507,15658,15658,USD,CA,2024-05-18,6,Detect Suspicious Transaction Amount; Identify Accounts with Unusual Activity
1539,70059,15069,15069,AUD,DE,2024-06-10,9,Detect Suspicious Transaction Amount; Identify Accounts with Unusual Activity
1682,7091,8674,8674,GBP,UK,2025-04-20,7,Identify Accounts with Unusual Activity
1303,43129,8194,8194,SGD,JP,2025-01-21,7,Identify Accounts with Unusual Activity
1435,40295,14874,14874,USD,UK,2024-07-12,1,Detect Suspicious Transaction Amount; Identify Accounts with Unusual Activity
1758,4108,13937,13937,AUD,SG,2024-11-16,8,Detect Suspicious Transaction Amount; Identify Accounts with Unusual Activity
1751,68,9532,9532,CAD,SG,2025-03-18,9,Identify Accounts with Unusual Activity
1148,39732,5693,5693,CAD,US,2024-03-29,3,Identify Accounts with Unusual Activity
1809,22905,5089,5089,EUR,JP,2024-10-16,6,Identify Accounts with Unusual Activity
1092,90980,18573,18573,JPY,IN,2025-04-02,6,Detect Suspicious Transaction Amount; Identify Accounts with Unusual Activity
1428,-3313,16511,16511,JPY,CA,2024-05-30,7,Detect Suspicious Transaction Amount; Identify Accounts with Unusual Activity
1158,51306,13842,13842,AUD,UK,2025-02-16,3,Detect Suspicious Transaction Amount; Identify Accounts with Unusual Activity
1455,-5670,4251,4251,GBP,US,2024-03-03,5,Identify Accounts with Unusual Activity
1709,12358,17805,17805,USD,DE,2024-11-17,8,Detect Suspicious Transaction Amount; Identify Accounts with Unusual Activity
1646,16272,19278,19278,AUD,CA,2024-10-16,4,Detect Suspicious Transaction Amount; Identify Accounts with Unusual Activity
1131,11330,14237,14237,EUR,SG,2025-02-27,8,Detect Suspicious Transaction Amount; Identify Accounts with Unusual Activity
1612,8582,18781,18753,CAD,JP,2024-08-28,7,Detect Suspicious Transaction Amount; Identify Accounts with Unusual Activity
1005,13029,8882,8882,CAD,JP,2024-09-16,8,Identify Accounts with Unusual Activity
1251,45562,1469,1469,AUD,AU,2024-05-02,3,Identify Accounts with Unusual Activity
1841,74068,15296,15355,JPY,IN,2024-07-12,7,Detect Suspicious Transaction Amount; Identify Accounts with Unusual Activity
1731,2069,12083,12083,INR,UK,2024-10-31,8,Detect Suspicious Transaction Amount; Identify Accounts with Unusual Activity
1090,61565,11080,10995,INR,DE,2024-12-14,8,Detect Suspicious Transaction Amount; Identify Accounts with Unusual Activity
1055,23388,14134,14134,CAD,SG,2024-10-03,9,Detect Suspicious Transaction Amount; Identify Accounts with Unusual Activity
1058,61438,14175,14175,GBP,IN,2024-02-24,10,Detect Suspicious Transaction Amount; Identify Accounts with Unusual Activity
1997,41525,19488,19488,AUD,US,2024-11-07,7,Detect Suspicious Transaction Amount; Identify Accounts with Unusual Activity
1652,99868,3207,3207,SGD,CA,2024-05-04,10,Identify Accounts with Unusual Activity
1911,24770,8385,8385,EUR,IN,2024-11-21,3,Identify Accounts with Unusual Activity
1391,44125,2790,2790,USD,UK,2024-03-11,10,Identify Accounts with Unusual Activity
1853,8026,11514,11426,USD,AU,2025-01-31,7,Detect Suspicious Transaction Amount; Identify Accounts with Unusual Activity
1028,25470,9693,9693,EUR,JP,2024-05-10,2,Identify Accounts with Unusual Activity
1703,18479,10478,10478,EUR,SG,2025-03-14,3,Detect Suspicious Transaction Amount; Identify Accounts with Unusual Activity
1939,8480,4718,4722,EUR,AU,2025-03-05,9,Identify Accounts with Unusual Activity
1199,-7778,4236,4243,EUR,CA,2024-08-29,7,Identify Accounts with Unusual Activity
1754,18991,19226,19226,USD,CA,2024-05-09,9,Detect Suspicious Transaction Amount; Identify Accounts with Unusual Activity
1377,81702,7968,7968,CAD,AU,2024-04-02,10,Identify Accounts with Unusual Activity
1607,-1027,8098,8098,AUD,UK,2024-04-29,1,Identify Accounts with Unusual Activity
1732,2042,5113,5113,GBP,DE,2025-04-07,9,Identify Accounts with Unusual Activity
1834,-3527,6633,6633,AUD,DE,2024-07-15,7,Identify Accounts with Unusual Activity
1039,73429,3586,3570,SGD,JP,2024-04-22,5,Identify Accounts with Unusual Activity
1424,43612,7525,7525,CAD,DE,2024-09-18,8,Identify Accounts with Unusual Activity
1571,30533,15552,15552,SGD,CA,2024-09-09,3,Detect Suspicious Transaction Amount; Identify Accounts with Unusual Activity
1716,45618,17865,17865,USD,JP,2024-12-03,10,Detect Suspicious Transaction Amount; Identify Accounts with Unusual Activity
1291,37691,6752,6752,SGD,JP,2025-01-31,2,Identify Accounts with Unusual Activity
1173,50063,8113,8113,GBP,IN,2025-04-12,10,Identify Accounts with Unusual Activity
1296,75501,2050,2050,USD,US,2025-02-20,4,Identify Accounts with Unusual Activity
1335,31855,18574,18574,CAD,IN,2024-12-13,6,Detect Suspicious Transaction Amount; Identify Accounts with Unusual Activity
1815,22645,19556,19633,CAD,AU,2025-03-11,3,Detect Suspicious Transaction Amount; Identify Accounts with Unusual Activity
1338,70450,5577,5577,GBP,JP,2024-09-30,5,Identify Accounts with Unusual Activity
1520,-1185,4839,4839,GBP,IN,2025-01-22,5,Identify Accounts with Unusual Activity
1431,98037,5476,5476,USD,IN,2025-04-14,9,Identify Accounts with Unusual Activity
1631,8680,14837,14950,AUD,JP,2024-08-19,5,Detect Suspicious Transaction Amount; Identify Accounts with Unusual Activity
1905,71749,10921,10921,USD,AU,2024-04-04,7,Detect Suspicious Transaction Amount; Identify Accounts with Unusual Activity
1437,68588,3228,3228,USD,DE,2025-02-21,1,Identify Accounts with Unusual Activity
1715,45065,10096,10096,SGD,US,2024-07-20,1,Detect Suspicious Transaction Amount; Identify Accounts with Unusual Activity
1424,97524,4726,4726,SGD,US,2025-01-12,9,Identify Accounts with Unusual Activity
1621,62305,2733,2733,JPY,JP,2025-04-04,7,Identify Accounts with Unusual Activity
1904,35222,19738,19738,JPY,UK,2024-07-22,1,Detect Suspicious Transaction Amount; Identify Accounts with Unusual Activity
1759,3588,11141,11141,AUD,SG,2025-03-30,8,Detect Suspicious Transaction Amount; Identify Accounts with Unusual Activity
1520,-4775,14250,14250,AUD,SG,2024-07-19,3,Detect Suspicious Transaction Amount; Identify Accounts with Unusual Activity
1040,40462,11596,11596,SGD,CA,2025-04-17,6,Detect Suspicious Transaction Amount; Identify Accounts with Unusual Activity
1028,58840,19872,19872,EUR,UK,2025-01-26,4,Detect Suspicious Transaction Amount; Identify Accounts with Unusual Activity
1439,56368,19149,19149,JPY,CA,2024-12-10,7,Detect Suspicious Transaction Amount; Identify Accounts with Unusual Activity
1939,50868,7993,7993,SGD,CA,2024-06-20,2,Identify Accounts with Unusual Activity
1518,45618,11613,11613,GBP,DE,2025-04-16,4,Detect Suspicious Transaction Amount; Identify Accounts with Unusual Activity
1178,-8003,15308,15308,CAD,SG,2024-06-08,1,Detect Suspicious Transaction Amount; Identify Accounts with Unusual Activity
1145,31760,11646,11646,SGD,AU,2025-04-14,6,Detect Suspicious Transaction Amount; Identify Accounts with Unusual Activity
1731,-7890,14541,14541,SGD,JP,2024-10-05,10,Detect Suspicious Transaction Amount; Identify Accounts with Unusual Activity
1867,43559,2732,2741,USD,UK,2024-12-10,7,Identify Accounts with Unusual Activity
1444,-570,3777,3777,CAD,DE,2024-03-29,1,Identify Accounts with Unusual Activity
1216,60635,15813,15753,INR,IN,2024-07-03,9,Detect Suspicious Transaction Amount; Identify Accounts with Unusual Activity
1618,77314,17302,17302,EUR,UK,2024-07-16,2,Detect Suspicious Transaction Amount; Identify Accounts with Unusual Activity
1901,5487,8899,8899,GBP,DE,2024-03-28,1,Identify Accounts with Unusual Activity
1079,37258,6307,6307,CAD,AU,2024-06-16,2,Identify Accounts with Unusual Activity
1983,27055,12155,12155,SGD,SG,2025-01-19,10,Detect Suspicious Transaction Amount; Identify Accounts with Unusual Activity
1420,19750,8077,8005,EUR,UK,2024-12-06,4,Identify Accounts with Unusual Activity
1229,3603,19321,19185,EUR,CA,2025-02-21,10,Detect Suspicious Transaction Amount; Identify Accounts with Unusual Activity
1003,49405,14685,14685,EUR,CA,2024-04-10,9,Detect Suspicious Transaction Amount; Identify Accounts with Unusual Activity
1884,11220,1405,1405,USD,US,2024-02-19,9,Identify Accounts with Unusual Activity
1356,76183,6110,6110,GBP,CA,2024-11-28,8,Identify Accounts with Unusual Activity
1069,70153,8073,8073,EUR,IN,2024-09-24,9,Identify Accounts with Unusual Activity
1960,186,2258,2258,JPY,UK,2024-05-19,10,Identify Accounts with Unusual Activity
1348,30641,17507,17507,CAD,US,2024-04-30,10,Detect Suspicious Transaction Amount; Identify Accounts with Unusual Activity
1741,48997,4783,4783,SGD,JP,2024-02-17,5,Identify Accounts with Unusual Activity
1356,-988,11493,11507,EUR,DE,2025-03-11,7,Detect Suspicious Transaction Amount; Identify Accounts with Unusual Activity
1100,42366,11484,11484,GBP,IN,2025-03-27,4,Detect Suspicious Transaction Amount; Identify Accounts with Unusual Activity
1572,85587,14192,14192,JPY,CA,2025-03-05,7,Detect Suspicious Transaction Amount; Identify Accounts with Unusual Activity
1190,10627,19703,19703,AUD,IN,2025-01-06,8,Detect Suspicious Transaction Amount; Identify Accounts with Unusual Activity
1111,93753,4734,4734,EUR,JP,2024-06-12,7,Identify Accounts with Unusual Activity
1827,98504,14979,15055,CAD,JP,2024-05-22,9,Detect Suspicious Transaction Amount; Identify Accounts with Unusual Activity
1603,29222,1452,1461,JPY,SG,2025-04-08,6,Identify Accounts with Unusual Activity
1213,73789,8575,8575,JPY,SG,2024-02-21,3,Identify Accounts with Unusual Activity
1302,62749,2938,2954,INR,JP,2024-11-15,6,Identify Accounts with Unusual Activity
1506,17248,7847,7847,GBP,SG,2024-12-19,7,Identify Accounts with Unusual Activity
1834,77408,4066,4066,USD,CA,2024-08-28,1,Identify Accounts with Unusual Activity
1077,1457,3428,3428,INR,SG,2024-08-25,10,Identify Accounts with Unusual Activity
1580,46752,16975,16963,SGD,IN,2024-03-28,2,Detect Suspicious Transaction Amount; Identify Accounts with Unusual Activity
1192,82016,8186,8186,EUR,JP,2025-02-01,9,Identify Accounts with Unusual Activity
1141,58881,14096,14096,AUD,IN,2024-08-03,8,Detect Suspicious Transaction Amount; Identify Accounts with Unusual Activity
1047,55741,7368,7368,USD,JP,2024-12-18,5,Identify Accounts with Unusual Activity
1690,94531,1093,1090,SGD,DE,2024-10-13,9,Identify Accounts with Unusual Activity
1470,26748,17376,17376,GBP,IN,2024-09-20,3,Detect Suspicious Transaction Amount; Identify Accounts with Unusual Activity
1979,-2851,10171,10171,CAD,US,2024-03-20,6,Detect Suspicious Transaction Amount; Identify Accounts with Unusual Activity
1675,99027,7668,7668,AUD,JP,2024-04-06,2,Identify Accounts with Unusual Activity
1293,6437,10446,10446,JPY,SG,2024-10-26,9,Detect Suspicious Transaction Amount; Identify Accounts with Unusual Activity
1532,51111,18277,18277,INR,DE,2024-05-03,10,Detect Suspicious Transaction Amount; Identify Accounts with Unusual Activity
1647,59080,3978,3978,EUR,DE,2024-03-31,1,Identify Accounts with Unusual Activity
1476,1230,16599,16599,EUR,DE,2024-11-10,1,Detect Suspicious Transaction Amount; Identify Accounts with Unusual Activity
1055,2528,10140,10127,EUR,IN,2024-10-11,5,Detect Suspicious Transaction Amount; Identify Accounts with Unusual Activity
1712,48351,19736,19736,JPY,IN,2025-01-16,1,Detect Suspicious Transaction Amount; Identify Accounts with Unusual Activity
1012,81175,17975,17975,INR,US,2024-06-04,2,Detect Suspicious Transaction Amount; Identify Accounts with Unusual Activity
1830,38781,17074,17069,INR,AU,2024-04-24,7,Detect Suspicious Transaction Amount; Identify Accounts with Unusual Activity
1199,61648,19575,19575,INR,UK,2024-07-08,4,Detect Suspicious Transaction Amount; Identify Accounts with Unusual Activity
1731,67448,1042,1042,AUD,SG,2024-04-17,8,Identify Accounts with Unusual Activity
1391,61569,4747,4747,JPY,US,2025-02-26,3,Identify Accounts with Unusual Activity
1873,91764,9899,9899,EUR,US,2024-06-14,4,Identify Accounts with Unusual Activity
1268,47748,7967,7967,SGD,IN,2024-12-16,6,Identify Accounts with Unusual Activity
1518,-6104,14763,14763,INR,JP,2024-06-02,3,Detect Suspicious Transaction Amount; Identify Accounts with Unusual Activity
1310,87935,6749,6749,AUD,AU,2024-09-12,1,Identify Accounts with Unusual Activity
1445,10781,7125,7125,JPY,JP,2024-03-08,3,Identify Accounts with Unusual Activity
1539,28619,11336,11336,USD,AU,2024-04-18,3,Detect Suspicious Transaction Amount; Identify Accounts with Unusual Activity
1355,95060,16650,16650,JPY,IN,2024-05-28,2,Detect Suspicious Transaction Amount; Identify Accounts with Unusual Activity
1631,63452,3142,3142,JPY,UK,2024-11-27,2,Identify Accounts with Unusual Activity
1899,-6148,14625,14625,USD,UK,2025-03-30,8,Detect Suspicious Transaction Amount; Identify Accounts with Unusual Activity
1964,43066,1707,1707,EUR,AU,2024-12-13,4,Identify Accounts with Unusual Activity
1964,76099,14804,14804,SGD,DE,2024-06-18,5,Detect Suspicious Transaction Amount; Identify Accounts with Unusual Activity
1097,58660,17975,17975,SGD,DE,2024-06-01,4,Detect Suspicious Transaction Amount; Identify Accounts with Unusual Activity
1130,31142,9675,9675,JPY,IN,2024-07-02,7,Identify Accounts with Unusual Activity
1801,62890,10677,10634,CAD,JP,2024-04-08,10,Detect Suspicious Transaction Amount; Identify Accounts with Unusual Activity
1854,77629,6253,6277,JPY,IN,2024-02-26,1,Identify Accounts with Unusual Activity
1393,22561,11511,11511,USD,CA,2025-02-05,3,Detect Suspicious Transaction Amount; Identify Accounts with Unusual Activity
1168,42061,1588,1588,INR,JP,2024-02-25,7,Identify Accounts with Unusual Activity
1124,-9752,4797,4797,INR,CA,2024-05-27,1,Identify Accounts with Unusual Activity
1030,92888,7459,7459,SGD,AU,2024-03-30,5,Identify Accounts with Unusual Activity
1208,88642,15265,15265,GBP,US,2024-09-07,5,Detect Suspicious Transaction Amount; Identify Accounts with Unusual Activity
1505,16807,13991,13991,GBP,SG,2024-02-21,5,Detect Suspicious Transaction Amount; Identify Accounts with Unusual Activity
1487,56447,2235,2235,INR,AU,2024-02-27,3,Identify Accounts with Unusual Activity
1077,2231,16443,16443,AUD,IN,2025-02-16,8,Detect Suspicious Transaction Amount; Identify Accounts with Unusual Activity
1497,13817,17269,17269,EUR,UK,2025-02-26,4,Detect Suspicious Transaction Amount; Identify Accounts with Unusual Activity
1557,23455,5782,5782,SGD,JP,2024-10-29,4,Identify Accounts with Unusual Activity
1802,35537,5160,5160,SGD,DE,2025-04-08,9,Identify Accounts with Unusual Activity
1394,25779,11987,11987,EUR,DE,2024-05-05,3,Detect Suspicious Transaction Amount; Identify Accounts with Unusual Activity
1435,43175,17474,17474,CAD,UK,2024-02-20,7,Detect Suspicious Transaction Amount; Identify Accounts with Unusual Activity
1071,-6499,12775,12775,INR,UK,2024-06-05,9,Detect Suspicious Transaction Amount; Identify Accounts with Unusual Activity
1696,39447,14608,14608,EUR,AU,2024-10-25,9,Detect Suspicious Transaction Amount; Identify Accounts with Unusual Activity
1611,54839,18873,18873,SGD,UK,2024-04-06,3,Detect Suspicious Transaction Amount; Identify Accounts with Unusual Activity
1354,-2279,3932,3953,INR,IN,2025-02-15,5,Identify Accounts with Unusual Activity
1001,33562,5415,5415,EUR,JP,2024-07-02,1,Identify Accounts with Unusual Activity
1897,79767,1852,1852,USD,AU,2024-02-17,10,Identify Accounts with Unusual Activity
1925,47033,15009,15009,SGD,SG,2024-09-24,7,Detect Suspicious Transaction Amount; Identify Accounts with Unusual Activity
1913,77333,19252,19252,CAD,UK,2024-04-07,10,Detect Suspicious Transaction Amount; Identify Accounts with Unusual Activity
1355,20260,5503,5448,EUR,AU,2024-05-06,9,Identify Accounts with Unusual Activity
1789,85020,16408,16408,CAD,AU,2024-06-04,7,Detect Suspicious Transaction Amount; Identify Accounts with Unusual Activity
1619,8279,9469,9469,AUD,AU,2025-01-09,1,Identify Accounts with Unusual Activity
1926,-8473,12191,12191,CAD,AU,2025-02-10,6,Detect Suspicious Transaction Amount; Identify Accounts with Unusual Activity
1847,49705,16893,16893,JPY,JP,2024-05-10,8,Detect Suspicious Transaction Amount; Identify Accounts with Unusual Activity
1043,65046,9222,9222,JPY,SG,2024-05-26,6,Identify Accounts with Unusual Activity
1798,73868,16236,16236,SGD,DE,2024-12-21,1,Detect Suspicious Transaction Amount; Identify Accounts with Unusual Activity
1269,72418,1587,1587,GBP,DE,2024-06-02,6,Identify Accounts with Unusual Activity
1109,7923,9552,9552,USD,UK,2024-05-18,9,Identify Accounts with Unusual Activity
1080,40530,16725,16725,SGD,AU,2024-07-28,9,Detect Suspicious Transaction Amount; Identify Accounts with Unusual Activity
1913,93116,10293,10293,JPY,AU,2024-11-25,7,Detect Suspicious Transaction Amount; Identify Accounts with Unusual Activity
1027,69378,13332,13332,USD,CA,2024-03-24,5,Detect Suspicious Transaction Amount; Identify Accounts with Unusual Activity
1550,51957,13395,13395,JPY,CA,2025-01-15,1,Detect Suspicious Transaction Amount; Identify Accounts with Unusual Activity
1237,54625,2792,2792,USD,IN,2024-04-14,6,Identify Accounts with Unusual Activity
1539,65457,9107,9107,CAD,US,2025-01-09,4,Identify Accounts with Unusual Activity
1307,18352,5816,5816,JPY,AU,2025-02-26,5,Identify Accounts with Unusual Activity
1517,71658,1902,1902,SGD,AU,2024-07-14,2,Identify Accounts with Unusual Activity
1519,13620,19126,19070,USD,SG,2024-02-20,6,Detect Suspicious Transaction Amount; Identify Accounts with Unusual Activity
1734,56395,10748,10748,EUR,UK,2025-04-08,9,Detect Suspicious Transaction Amount; Identify Accounts with Unusual Activity
1525,82776,7366,7322,GBP,DE,2024-04-19,3,Identify Accounts with Unusual Activity
1836,-2907,3195,3195,JPY,UK,2024-12-25,7,Identify Accounts with Unusual Activity
1346,57083,17739,17739,SGD,JP,2024-04-23,1,Detect Suspicious Transaction Amount; Identify Accounts with Unusual Activity
1790,93547,1725,1725,SGD,AU,2024-06-10,9,Identify Accounts with Unusual Activity
1788,30423,7260,7260,EUR,IN,2024-08-13,7,Identify Accounts with Unusual Activity
1640,36581,15416,15416,JPY,US,2024-10-26,10,Detect Suspicious Transaction Amount; Identify Accounts with Unusual Activity
1656,31613,16903,16903,INR,US,2025-04-17,2,Detect Suspicious Transaction Amount; Identify Accounts with Unusual Activity
1146,48796,5394,5394,CAD,US,2025-01-12,9,Identify Accounts with Unusual Activity
1849,64242,3455,3455,AUD,IN,2024-08-12,2,Identify Accounts with Unusual Activity
1102,83265,14002,14002,JPY,CA,2024-10-10,4,Detect Suspicious Transaction Amount; Identify Accounts with Unusual Activity
1322,20891,3414,3414,GBP,UK,2024-08-05,7,Identify Accounts with Unusual Activity
1228,66398,6811,6811,INR,DE,2024-07-04,2,Identify Accounts with Unusual Activity
1264,43870,10779,10779,GBP,IN,2024-04-13,3,Detect Suspicious Transaction Amount; Identify Accounts with Unusual Activity
1814,-5688,8959,8959,USD,SG,2024-12-07,2,Identify Accounts with Unusual Activity
1876,65652,9202,9202,GBP,US,2024-03-03,2,Identify Accounts with Unusual Activity
1560,-7500,7187,7187,EUR,AU,2025-02-13,6,Identify Accounts with Unusual Activity
1292,85541,13638,13638,AUD,UK,2024-10-27,6,Detect Suspicious Transaction Amount; Identify Accounts with Unusual Activity
1122,-3753,18623,18623,EUR,DE,2024-12-21,9,Detect Suspicious Transaction Amount; Identify Accounts with Unusual Activity
1829,83195,13812,13812,EUR,US,2024-08-16,3,Detect Suspicious Transaction Amount; Identify Accounts with Unusual Activity
1183,98777,15688,15688,INR,US,2024-12-21,4,Detect Suspicious Transaction Amount; Identify Accounts with Unusual Activity
1679,79739,13094,13094,USD,AU,2025-03-12,1,Detect Suspicious Transaction Amount; Identify Accounts with Unusual Activity
1967,57581,18338,18338,AUD,IN,2024-12-29,4,Detect Suspicious Transaction Amount; Identify Accounts with Unusual Activity
1736,68874,9388,9388,JPY,IN,2024-02-21,5,Identify Accounts with Unusual Activity
1816,36665,10278,10278,EUR,AU,2025-03-20,6,Detect Suspicious Transaction Amount; Identify Accounts with Unusual Activity
1540,-5724,14611,14611,USD,DE,2024-04-05,10,Detect Suspicious Transaction Amount; Identify Accounts with Unusual Activity
1137,34414,10617,10617,SGD,US,2024-12-07,1,Detect Suspicious Transaction Amount; Identify Accounts with Unusual Activity
1074,-7571,9581,9581,JPY,AU,2024-11-25,1,Identify Accounts with Unusual Activity
1985,16105,3336,3336,GBP,IN,2024-08-26,9,Identify Accounts with Unusual Activity
1005,13377,1249,1249,INR,IN,2024-05-06,9,Identify Accounts with Unusual Activity
1172,47297,7110,7110,GBP,JP,2024-10-17,1,Identify Accounts with Unusual Activity
1926,31823,15628,15628,SGD,US,2024-12-28,9,Detect Suspicious Transaction Amount; Identify Accounts with Unusual Activity
1994,-3991,19010,19010,SGD,JP,2024-05-29,3,Detect Suspicious Transaction Amount; Identify Accounts with Unusual Activity
1275,6925,1013,1013,AUD,AU,2024-08-31,2,Identify Accounts with Unusual Activity
1927,35980,8090,8090,INR,IN,2024-02-23,8,Identify Accounts with Unusual Activity
1752,59356,19204,19204,CAD,UK,2025-02-04,4,Detect Suspicious Transaction Amount; Identify Accounts with Unusual Activity
1233,4824,9829,9829,INR,US,2024-04-03,9,Identify Accounts with Unusual Activity
1272,41769,10159,10159,SGD,US,2024-12-29,4,Detect Suspicious Transaction Amount; Identify Accounts with Unusual Activity
1468,19488,3287,3287,SGD,IN,2024-07-09,5,Identify Accounts with Unusual Activity
1656,35363,11743,11743,GBP,UK,2024-05-28,10,Detect Suspicious Transaction Amount; Identify Accounts with Unusual Activity
1983,52789,8890,8890,SGD,AU,2024-08-06,2,Identify Accounts with Unusual Activity
1997,11913,15279,15279,INR,AU,2025-02-24,4,Detect Suspicious Transaction Amount; Identify Accounts with Unusual Activity
1278,55479,16959,16959,GBP,JP,2024-11-26,1,Detect Suspicious Transaction Amount; Identify Accounts with Unusual Activity
1149,35879,2629,2629,AUD,IN,2024-06-05,9,Identify Accounts with Unusual Activity
1143,60936,6817,6817,JPY,SG,2024-06-07,7,Identify Accounts with Unusual Activity
1909,8236,8967,8967,EUR,SG,2024-11-16,10,Identify Accounts with Unusual Activity
1252,53479,13045,13045,SGD,CA,2025-04-12,6,Detect Suspicious Transaction Amount; Identify Accounts with Unusual Activity
1526,78057,16564,16564,AUD,UK,2024-03-25,4,Detect Suspicious Transaction Amount; Identify Accounts with Unusual Activity
1851,45573,4981,4981,EUR,CA,2025-03-03,8,Identify Accounts with Unusual Activity
1894,-4662,5162,5162,SGD,CA,2024-11-30,4,Identify Accounts with Unusual Activity
1889,2526,7501,7452,USD,DE,2025-04-03,7,Identify Accounts with Unusual Activity
1105,38533,12923,12923,CAD,JP,2024-10-08,10,Detect Suspicious Transaction Amount; Identify Accounts with Unusual Activity
1621,68241,14045,14045,AUD,CA,2024-12-31,8,Detect Suspicious Transaction Amount; Identify Accounts with Unusual Activity
1732,83152,18130,18130,USD,AU,2024-11-12,9,Detect Suspicious Transaction Amount; Identify Accounts with Unusual Activity
1724,43264,6864,6864,EUR,DE,2025-02-11,4,Identify Accounts with Unusual Activity
1700,82350,5286,5286,SGD,UK,2024-05-03,10,Identify Accounts with Unusual Activity
1515,3270,9193,9193,JPY,UK,2024-11-30,4,Identify Accounts with Unusual Activity
1048,20552,16968,16968,EUR,DE,2024-10-15,8,Detect Suspicious Transaction Amount; Identify Accounts with Unusual Activity
1851,87612,8548,8548,EUR,US,2024-11-02,10,Identify Accounts with Unusual Activity
1941,94771,4189,4163,GBP,AU,2025-02-24,7,Identify Accounts with Unusual Activity
1344,7824,7319,7319,AUD,CA,2025-01-15,4,Identify Accounts with Unusual Activity
1736,43354,6480,6477,SGD,DE,2024-09-23,6,Identify Accounts with Unusual Activity
1338,96759,16009,16009,GBP,IN,2024-08-23,4,Detect Suspicious Transaction Amount; Identify Accounts with Unusual Activity
1184,23176,15305,15305,JPY,US,2024-10-03,3,Detect Suspicious Transaction Amount; Identify Accounts with Unusual Activity
1091,53468,18872,18872,EUR,DE,2024-08-13,10,Detect Suspicious Transaction Amount; Identify Accounts with Unusual Activity
1537,5489,5130,5130,USD,IN,2024-03-14,7,Identify Accounts with Unusual Activity
1361,5584,14565,14650,JPY,US,2024-09-15,1,Detect Suspicious Transaction Amount; Identify Accounts with Unusual Activity
1722,24907,8260,8208,INR,SG,2025-01-17,5,Identify Accounts with Unusual Activity
1580,53927,12370,12370,CAD,UK,2024-06-27,6,Detect Suspicious Transaction Amount; Identify Accounts with Unusual Activity
1481,85537,6281,6281,SGD,IN,2024-07-24,2,Identify Accounts with Unusual Activity
1453,38509,18315,18315,JPY,JP,2025-01-20,6,Detect Suspicious Transaction Amount; Identify Accounts with Unusual Activity
1650,96576,2229,2229,GBP,CA,2024-04-24,6,Identify Accounts with Unusual Activity
1499,10085,3311,3311,AUD,JP,2024-05-15,6,Identify Accounts with Unusual Activity
1684,65075,16569,16569,INR,DE,2024-08-30,2,Detect Suspicious Transaction Amount; Identify Accounts with Unusual Activity
1140,25308,11459,11459,CAD,CA,2024-08-22,3,Detect Suspicious Transaction Amount; Identify Accounts with Unusual Activity
1245,84024,10605,10605,CAD,SG,2025-01-12,1,Detect Suspicious Transaction Amount; Identify Accounts with Unusual Activity
1128,34393,15837,15837,GBP,DE,2024-09-01,7,Detect Suspicious Transaction Amount; Identify Accounts with Unusual Activity
1548,59054,8086,8086,AUD,CA,2024-03-19,7,Identify Accounts with Unusual Activity
1062,19359,9744,9744,JPY,DE,2025-04-19,4,Identify Accounts with Unusual Activity
1905,9784,13559,13559,CAD,DE,2025-03-09,4,Detect Suspicious Transaction Amount; Identify Accounts with Unusual Activity
1621,28801,11205,11205,INR,DE,2024-10-06,7,Detect Suspicious Transaction Amount; Identify Accounts with Unusual Activity
1151,3098,3695,3695,SGD,AU,2024-06-22,7,Identify Accounts with Unusual Activity
1211,74821,11084,11084,INR,SG,2024-06-19,8,Detect Suspicious Transaction Amount; Identify Accounts with Unusual Activity
1502,37451,17677,17641,CAD,DE,2024-05-04,9,Detect Suspicious Transaction Amount; Identify Accounts with Unusual Activity
1710,40185,4089,4089,JPY,CA,2025-03-17,10,Identify Accounts with Unusual Activity
1052,43434,16356,16356,GBP,AU,2024-04-19,4,Detect Suspicious Transaction Amount; Identify Accounts with Unusual Activity
1523,-3319,13572,13572,INR,US,2024-03-09,10,Detect Suspicious Transaction Amount; Identify Accounts with Unusual Activity
1892,15649,2835,2835,JPY,AU,2024-04-15,8,Identify Accounts with Unusual Activity
1428,95879,17860,17860,EUR,JP,2024-12-20,6,Detect Suspicious Transaction Amount; Identify Accounts with Unusual Activity
1960,49408,16638,16638,CAD,JP,2024-12-28,2,Detect Suspicious Transaction Amount; Identify Accounts with Unusual Activity
1517,50840,4402,4402,CAD,UK,2025-04-18,5,Identify Accounts with Unusual Activity
1759,4070,3062,3062,CAD,JP,2024-02-17,10,Identify Accounts with Unusual Activity
1609,80957,6141,6141,GBP,AU,2024-11-08,9,Identify Accounts with Unusual Activity
1839,38473,4702,4702,CAD,DE,2024-10-25,7,Identify Accounts with Unusual Activity
1840,59395,13594,13594,INR,UK,2024-12-04,2,Detect Suspicious Transaction Amount; Identify Accounts with Unusual Activity
1651,32838,6940,6940,INR,CA,2024-06-11,2,Identify Accounts with Unusual Activity
1143,51397,8795,8795,USD,CA,2024-10-30,7,Identify Accounts with Unusual Activity
1302,-6412,13919,13919,INR,DE,2025-02-07,8,Detect Suspicious Transaction Amount; Identify Accounts with Unusual Activity
1637,40859,4789,4789,AUD,IN,2024-12-21,1,Identify Accounts with Unusual Activity
1266,63418,8667,8667,GBP,JP,2025-01-06,3,Identify Accounts with Unusual Activity
1878,44346,2351,2351,USD,UK,2024-07-09,10,Identify Accounts with Unusual Activity
1570,67691,15421,15421,GBP,IN,2024-07-28,1,Detect Suspicious Transaction Amount; Identify Accounts with Unusual Activity
1412,64466,19801,19801,JPY,JP,2024-09-14,3,Detect Suspicious Transaction Amount; Identify Accounts with Unusual Activity
1874,97843,10333,10333,GBP,CA,2024-12-20,9,Detect Suspicious Transaction Amount; Identify Accounts with Unusual Activity
1863,46455,2929,2929,JPY,AU,2024-03-20,2,Identify Accounts with Unusual Activity
1703,-8064,2352,2352,JPY,SG,2025-01-28,5,Identify Accounts with Unusual Activity
1075,49971,15583,15583,SGD,CA,2024-04-25,2,Detect Suspicious Transaction Amount; Identify Accounts with Unusual Activity
1433,85516,18922,18922,USD,DE,2024-12-01,9,Detect Suspicious Transaction Amount; Identify Accounts with Unusual Activity
1451,70764,5549,5549,EUR,IN,2024-12-26,5,Identify Accounts with Unusual Activity
1119,53827,18402,18402,JPY,CA,2024-11-09,1,Detect Suspicious Transaction Amount; Identify Accounts with Unusual Activity
1026,35806,19987,19987,USD,UK,2024-04-15,2,Detect Suspicious Transaction Amount; Identify Accounts with Unusual Activity
1858,72795,13501,13501,USD,CA,2024-12-27,2,Detect Suspicious Transaction Amount; Identify Accounts with Unusual Activity
1092,37338,1662,1674,AUD,JP,2024-03-01,1,Identify Accounts with Unusual Activity
1011,70626,16807,16807,CAD,IN,2024-04-16,2,Detect Suspicious Transaction Amount; Identify Accounts with Unusual Activity
1409,36351,9551,9551,EUR,CA,2024-05-09,3,Identify Accounts with Unusual Activity
1911,12007,17464,17464,JPY,US,2024-08-13,4,Detect Suspicious Transaction Amount; Identify Accounts with Unusual Activity
1659,85690,17833,17833,USD,CA,2025-02-01,3,Detect Suspicious Transaction Amount; Identify Accounts with Unusual Activity
1637,10884,12695,12695,EUR,SG,2024-05-29,2,Detect Suspicious Transaction Amount; Identify Accounts with Unusual Activity
1030,2485,3411,3411,SGD,US,2025-02-12,4,Identify Accounts with Unusual Activity
1462,42518,9568,9568,INR,CA,2025-01-21,8,Identify Accounts with Unusual Activity
1152,61670,13047,13047,GBP,AU,2025-01-23,5,Detect Suspicious Transaction Amount; Identify Accounts with Unusual Activity
1881,85549,13731,13731,GBP,CA,2025-01-24,6,Detect Suspicious Transaction Amount; Identify Accounts with Unusual Activity
1273,9217,4326,4326,EUR,DE,2024-04-15,8,Identify Accounts with Unusual Activity
1450,97158,14455,14455,CAD,CA,2025-03-28,3,Detect Suspicious Transaction Amount; Identify Accounts with Unusual Activity
1538,44739,5950,5950,USD,US,2024-08-01,7,Identify Accounts with Unusual Activity
1647,-875,3003,3003,GBP,UK,2025-03-09,4,Identify Accounts with Unusual Activity
1672,67334,11654,11654,CAD,US,2024-09-26,3,Detect Suspicious Transaction Amount; Identify Accounts with Unusual Activity
1685,50047,1257,1257,USD,SG,2024-05-16,5,Identify Accounts with Unusual Activity
1035,81329,17720,17720,AUD,UK,2024-08-11,5,Detect Suspicious Transaction Amount; Identify Accounts with Unusual Activity
1990,85854,16072,16072,USD,DE,2024-03-03,3,Detect Suspicious Transaction Amount; Identify Accounts with Unusual Activity
1583,44922,15021,15021,USD,DE,2024-12-31,7,Detect Suspicious Transaction Amount; Identify Accounts with Unusual Activity
1742,6485,10542,10542,INR,CA,2024-08-10,5,Detect Suspicious Transaction Amount; Identify Accounts with Unusual Activity
1660,62323,19366,19366,INR,US,2024-12-16,7,Detect Suspicious Transaction Amount; Identify Accounts with Unusual Activity
1612,98086,15548,15548,GBP,IN,2024-05-31,8,Detect Suspicious Transaction Amount; Identify Accounts with Unusual Activity
1584,388,9820,9820,USD,IN,2024-08-07,3,Identify Accounts with Unusual Activity
1560,71931,9052,9052,INR,DE,2024-08-19,2,Identify Accounts with Unusual Activity
1585,26417,3930,3930,JPY,US,2024-07-14,2,Identify Accounts with Unusual Activity
1779,87911,16249,16249,INR,DE,2024-02-17,10,Detect Suspicious Transaction Amount; Identify Accounts with Unusual Activity
1546,62831,11430,11430,SGD,SG,2025-03-06,5,Detect Suspicious Transaction Amount; Identify Accounts with Unusual Activity
1150,57046,12390,12299,SGD,CA,2025-03-04,5,Detect Suspicious Transaction Amount; Identify Accounts with Unusual Activity
1601,91371,15792,15792,INR,JP,2024-02-22,3,Detect Suspicious Transaction Amount; Identify Accounts with Unusual Activity
1325,25980,9941,9941,INR,JP,2024-10-03,1,Identify Accounts with Unusual Activity
1222,43687,5393,5393,GBP,JP,2025-02-16,3,Identify Accounts with Unusual Activity
1067,79644,18837,18837,EUR,JP,2024-08-23,9,Detect Suspicious Transaction Amount; Identify Accounts with Unusual Activity
1177,84382,5007,5007,GBP,US,2024-06-03,9,Identify Accounts with Unusual Activity
1252,63202,3807,3807,GBP,UK,2025-02-23,10,Identify Accounts with Unusual Activity
1368,45749,10155,10155,EUR,US,2024-12-04,4,Detect Suspicious Transaction Amount; Identify Accounts with Unusual Activity
1847,19715,10239,10239,AUD,DE,2024-04-07,3,Detect Suspicious Transaction Amount; Identify Accounts with Unusual Activity
1625,45669,3211,3211,GBP,UK,2024-09-12,10,Identify Accounts with Unusual Activity
1121,82139,12612,12612,INR,JP,2024-03-15,10,Detect Suspicious Transaction Amount; Identify Accounts with Unusual Activity
1826,12041,3656,3656,INR,CA,2024-03-15,7,Identify Accounts with Unusual Activity
1208,-8239,12672,12672,USD,CA,2024-11-26,9,Detect Suspicious Transaction Amount; Identify Accounts with Unusual Activity
1763,55413,2535,2535,SGD,JP,2024-06-25,9,Identify Accounts with Unusual Activity
1694,82276,13899,13971,SGD,AU,2024-04-26,7,Detect Suspicious Transaction Amount; Identify Accounts with Unusual Activity
1525,96901,15386,15386,JPY,DE,2024-04-18,4,Detect Suspicious Transaction Amount; Identify Accounts with Unusual Activity
1201,63108,2099,2103,CAD,AU,2025-04-10,5,Identify Accounts with Unusual Activity
1872,52889,19784,19784,CAD,AU,2024-11-08,10,Detect Suspicious Transaction Amount; Identify Accounts with Unusual Activity
1336,78709,12015,12015,GBP,JP,2024-07-03,4,Detect Suspicious Transaction Amount; Identify Accounts with Unusual Activity
1782,80271,11070,11070,GBP,AU,2024-11-13,1,Detect Suspicious Transaction Amount; Identify Accounts with Unusual Activity
1899,-6086,9936,9936,JPY,SG,2025-02-23,9,Identify Accounts with Unusual Activity
1870,40025,17269,17269,EUR,UK,2025-03-12,7,Detect Suspicious Transaction Amount; Identify Accounts with Unusual Activity
1156,75521,16088,16088,JPY,AU,2024-08-19,7,Detect Suspicious Transaction Amount; Identify Accounts with Unusual Activity
1761,64920,17591,17587,EUR,AU,2024-03-31,4,Detect Suspicious Transaction Amount; Identify Accounts with Unusual Activity
1849,16442,14021,14021,JPY,IN,2024-05-26,8,Detect Suspicious Transaction Amount; Identify Accounts with Unusual Activity
1023,61168,14809,14809,GBP,US,2024-10-01,1,Detect Suspicious Transaction Amount; Identify Accounts with Unusual Activity
1515,5416,10042,10042,EUR,IN,2024-04-12,6,Detect Suspicious Transaction Amount; Identify Accounts with Unusual Activity
1429,80270,19601,19534,SGD,SG,2024-03-02,3,Detect Suspicious Transaction Amount; Identify Accounts with Unusual Activity
1412,56734,5017,5017,JPY,UK,2025-01-17,9,Identify Accounts with Unusual Activity
1018,56575,15561,15561,CAD,SG,2024-09-22,3,Detect Suspicious Transaction Amount; Identify Accounts with Unusual Activity
1351,10837,1800,1800,INR,AU,2024-04-03,8,Identify Accounts with Unusual Activity
1057,56348,10986,10986,CAD,DE,2025-02-04,3,Detect Suspicious Transaction Amount; Identify Accounts with Unusual Activity
1034,68769,9268,9268,AUD,AU,2024-05-15,9,Identify Accounts with Unusual Activity
1187,70249,13418,13357,EUR,CA,2025-03-13,4,Detect Suspicious Transaction Amount; Identify Accounts with Unusual Activity
1788,29305,8669,8669,SGD,AU,2025-04-13,5,Identify Accounts with Unusual Activity
1056,8618,19978,19978,GBP,AU,2024-12-20,10,Detect Suspicious Transaction Amount; Identify Accounts with Unusual Activity
1605,71810,11994,11994,SGD,AU,2025-01-08,1,Detect Suspicious Transaction Amount; Identify Accounts with Unusual Activity
1566,-3156,4835,4835,SGD,JP,2024-12-16,4,Identify Accounts with Unusual Activity
1835,20505,1339,1339,CAD,UK,2024-11-06,6,Identify Accounts with Unusual Activity
1926,67609,14259,14381,USD,US,2024-05-02,10,Detect Suspicious Transaction Amount; Identify Accounts with Unusual Activity
1184,38983,6522,6522,GBP,US,2024-08-11,9,Identify Accounts with Unusual Activity
1519,77249,16402,16402,SGD,DE,2024-06-13,5,Detect Suspicious Transaction Amount; Identify Accounts with Unusual Activity
1712,-3688,6117,6116,GBP,JP,2024-12-09,4,Identify Accounts with Unusual Activity
1553,27835,15172,15172,AUD,AU,2024-05-31,10,Detect Suspicious Transaction Amount; Identify Accounts with Unusual Activity
1508,29052,2931,2931,AUD,SG,2025-03-26,2,Identify Accounts with Unusual Activity
1730,38301,15321,15321,SGD,JP,2024-09-25,6,Detect Suspicious Transaction Amount; Identify Accounts with Unusual Activity
1965,19743,18695,18695,CAD,DE,2025-03-24,2,Detect Suspicious Transaction Amount; Identify Accounts with Unusual Activity
1039,32163,17610,17610,AUD,SG,2024-08-06,4,Detect Suspicious Transaction Amount; Identify Accounts with Unusual Activity
1161,-7888,4319,4319,CAD,SG,2024-04-27,10,Identify Accounts with Unusual Activity
1236,91432,7151,7151,USD,UK,2024-12-31,10,Identify Accounts with Unusual Activity
1933,67588,18025,18025,USD,AU,2024-09-17,1,Detect Suspicious Transaction Amount; Identify Accounts with Unusual Activity
1333,2589,7303,7303,USD,US,2025-04-03,7,Identify Accounts with Unusual Activity
1225,40939,17147,17147,SGD,UK,2024-03-05,10,Detect Suspicious Transaction Amount; Identify Accounts with Unusual Activity
1690,48667,15103,15103,EUR,UK,2024-10-12,1,Detect Suspicious Transaction Amount; Identify Accounts with Unusual Activity
1095,40111,5533,5533,CAD,US,2025-01-16,4,Identify Accounts with Unusual Activity
1400,-8507,15635,15635,INR,JP,2024-08-14,9,Detect Suspicious Transaction Amount; Identify Accounts with Unusual Activity
1623,96211,4552,4552,AUD,SG,2025-02-14,5,Identify Accounts with Unusual Activity
1795,26567,11336,11336,USD,AU,2025-03-15,9,Detect Suspicious Transaction Amount; Identify Accounts with Unusual Activity
1563,79139,9257,9257,SGD,CA,2025-01-11,4,Identify Accounts with Unusual Activity
1293,67365,3641,3641,CAD,JP,2024-04-23,7,Identify Accounts with Unusual Activity
1879,83515,7893,7893,EUR,CA,2024-03-27,1,Identify Accounts with Unusual Activity
1602,67520,10529,10529,CAD,CA,2025-01-17,4,Detect Suspicious Transaction Amount; Identify Accounts with Unusual Activity
1319,40693,11878,11878,SGD,DE,2024-07-03,7,Detect Suspicious Transaction Amount; Identify Accounts with Unusual Activity
1435,50929,16506,16506,INR,IN,2024-05-25,6,Detect Suspicious Transaction Amount; Identify Accounts with Unusual Activity
1598,35836,4693,4693,SGD,SG,2024-04-26,2,Identify Accounts with Unusual Activity
1323,67785,7031,7031,GBP,IN,2024-08-13,1,Identify Accounts with Unusual Activity
1304,33483,6159,6159,USD,AU,2024-10-13,1,Identify Accounts with Unusual Activity
1973,61447,6612,6612,AUD,CA,2024-12-16,5,Identify Accounts with Unusual Activity
1376,65151,8713,8713,GBP,CA,2024-02-22,1,Identify Accounts with Unusual Activity
1513,38784,18103,18103,AUD,US,2024-03-16,3,Detect Suspicious Transaction Amount; Identify Accounts with Unusual Activity
1579,32821,17928,18054,GBP,UK,2024-11-03,5,Detect Suspicious Transaction Amount; Identify Accounts with Unusual Activity
1652,-9508,6609,6609,JPY,UK,2024-10-19,6,Identify Accounts with Unusual Activity
1606,18412,5896,5896,INR,IN,2024-05-06,1,Identify Accounts with Unusual Activity
1569,-905,2005,2005,CAD,DE,2024-08-06,3,Identify Accounts with Unusual Activity
1536,-4860,3683,3683,CAD,US,2024-11-11,7,Identify Accounts with Unusual Activity
1536,69527,9343,9343,INR,DE,2025-01-11,8,Identify Accounts with Unusual Activity
1338,85848,3432,3457,EUR,SG,2025-03-20,3,Identify Accounts with Unusual Activity
1091,80211,11090,11090,INR,AU,2024-08-29,6,Detect Suspicious Transaction Amount; Identify Accounts with Unusual Activity
1388,25155,13864,13864,CAD,CA,2024-05-14,2,Detect Suspicious Transaction Amount; Identify Accounts with Unusual Activity
1237,84574,3998,3998,CAD,CA,2024-04-30,2,Identify Accounts with Unusual Activity
1027,92812,5942,5942,SGD,AU,2024-12-04,3,Identify Accounts with Unusual Activity
1230,48011,16430,16430,JPY,SG,2024-04-12,2,Detect Suspicious Transaction Amount; Identify Accounts with Unusual Activity
1876,62503,5193,5193,AUD,US,2024-03-19,3,Identify Accounts with Unusual Activity
1536,8367,8445,8477,SGD,SG,2025-04-03,6,Identify Accounts with Unusual Activity
1461,17571,3189,3189,AUD,SG,2024-11-11,5,Identify Accounts with Unusual Activity
1807,91929,18959,18959,GBP,US,2024-11-18,8,Detect Suspicious Transaction Amount; Identify Accounts with Unusual Activity
1680,68909,4932,4932,GBP,AU,2024-03-23,2,Identify Accounts with Unusual Activity
1158,49390,2500,2500,AUD,JP,2025-04-02,8,Identify Accounts with Unusual Activity
1448,34540,8527,8527,INR,JP,2025-02-18,1,Identify Accounts with Unusual Activity
1871,15600,16482,16482,SGD,CA,2024-02-26,9,Detect Suspicious Transaction Amount; Identify Accounts with Unusual Activity
1731,74157,19164,19164,JPY,AU,2025-03-19,1,Detect Suspicious Transaction Amount; Identify Accounts with Unusual Activity
1055,2934,5887,5887,SGD,CA,2024-10-15,7,Identify Accounts with Unusual Activity
1930,39994,8391,8391,AUD,IN,2024-09-19,5,Identify Accounts with Unusual Activity
1583,86882,18857,18857,SGD,IN,2025-01-27,8,Detect Suspicious Transaction Amount; Identify Accounts with Unusual Activity
1613,44178,11211,11211,CAD,JP,2024-09-04,2,Detect Suspicious Transaction Amount; Identify Accounts with Unusual Activity
1006,84703,7537,7537,INR,UK,2025-01-19,8,Identify Accounts with Unusual Activity
1089,41386,17598,17598,CAD,US,2024-11-06,2,Detect Suspicious Transaction Amount; Identify Accounts with Unusual Activity
1993,42630,15136,15136,GBP,AU,2024-05-01,9,Detect Suspicious Transaction Amount; Identify Accounts with Unusual Activity
1665,3874,19041,19041,USD,DE,2024-12-18,9,Detect Suspicious Transaction Amount; Identify Accounts with Unusual Activity
1514,97809,1766,1766,GBP,SG,2024-09-16,4,Identify Accounts with Unusual Activity
1154,79228,17898,17898,GBP,IN,2025-04-13,3,Detect Suspicious Transaction Amount; Identify Accounts with Unusual Activity
1253,69519,14408,14408,GBP,JP,2024-05-29,2,Detect Suspicious Transaction Amount; Identify Accounts with Unusual Activity
1417,48696,4259,4259,SGD,US,2024-03-18,1,Identify Accounts with Unusual Activity
1093,69493,5803,5803,EUR,AU,2024-08-13,8,Identify Accounts with Unusual Activity
1243,45570,13885,13885,USD,JP,2024-03-26,7,Detect Suspicious Transaction Amount; Identify Accounts with Unusual Activity
1135,19410,7146,7164,USD,CA,2025-02-18,1,Identify Accounts with Unusual Activity
1132,2515,3487,3487,AUD,JP,2024-11-12,9,Identify Accounts with Unusual Activity
1246,72930,10308,10308,USD,US,2024-10-22,2,Detect Suspicious Transaction Amount; Identify Accounts with Unusual Activity
1329,29627,17633,17476,CAD,IN,2024-03-09,4,Detect Suspicious Transaction Amount; Identify Accounts with Unusual Activity
1245,68438,1996,1996,SGD,AU,2024-04-29,2,Identify Accounts with Unusual Activity
1264,82487,10832,10832,JPY,SG,2025-02-21,10,Detect Suspicious Transaction Amount; Identify Accounts with Unusual Activity
1998,93538,5394,5394,CAD,UK,2024-06-20,5,Identify Accounts with Unusual Activity
1506,2583,6690,6690,SGD,UK,2024-12-30,7,Identify Accounts with Unusual Activity
1289,20093,19713,19713,EUR,DE,2024-07-13,2,Detect Suspicious Transaction Amount; Identify Accounts with Unusual Activity
